342,341,6,16.38
341,340,12,16.7
340,339,18,16.9
342,241,20,6.89
339,338,25,16.62
341,240,26,7.44
340,239,30,7.96
239,238,36,17.01
241,140,40,7.31
238,237,42,16.83
240,139,44,8.19
239,138,47,8.52
237,236,49,16.65
138,137,53,17.02
236,235,55,16.98
140,39,55,9.76
137,136,59,16.84
139,38,60,9.35
235,234,62,9.57
340,439,62,19.01
341,440,62,18.63
342,441,62,18.01
338,337,63,0.86
339,438,63,19.13
236,335,66,18.88
237,336,66,19.1
235,334,67,17.43
234,333,70,17.75
440,539,70,18.93
441,540,70,19.11
337,436,71,19.08
438,537,71,19.19
38,37,72,8.66
234,233,73,9.34
136,135,73,6.66
342,242,73,1.31
335,434,74,17.71
334,433,75,18.42
336,435,75,17.26
342,442,75,3.66
539,638,78,19.12
540,639,78,18.8
438,437,78,6.82
436,535,80,17.36
537,636,80,17.41
434,533,82,18.64
537,536,82,9.59
433,532,83,18.42
442,541,83,19.14
241,141,84,1.74
135,134,85,8.53
37,36,85,8.1
638,737,86,18.14
639,738,86,19.08
433,432,87,8.68
539,538,87,6.12
533,632,90,18.77
536,635,90,18.38
638,637,90,8.99
541,640,91,18.76
737,836,94,18.71
738,837,94,18.52
134,133,95,10.09
632,731,98,18.32
637,736,98,18.19
435,534,98,6.16
640,739,99,19.05
36,35,100,6.9
837,936,102,18.89
632,631,102,8.79
535,634,103,6.42
636,735,103,6.33
133,232,104,15.8
133,132,105,10.29
534,633,106,18.9
140,40,106,1.09
739,838,107,18.84
936,1035,110,19.07
631,730,110,18.75
735,834,111,19
635,734,112,6.59
633,732,114,18.68
838,937,115,18.97
631,630,115,8.21
936,935,116,7.51
836,935,116,6.48
442,542,116,2.5
1035,1134,118,19.12
233,332,119,3.13
736,835,121,12.04
542,641,123,31.97
935,1034,123,29.06
634,733,123,12.22
342,343,123,1.42
1134,1233,124,28.11
432,531,124,6.42
342,443,126,2.53
835,934,127,28.24
834,933,127,12.02
641,740,128,33.77
1034,1133,128,29.07
734,833,128,11.85
739,839,128,5.1
733,832,129,26.62
937,1036,129,12.3
1233,1332,130,27.7
731,830,130,6.38
934,1033,132,28.86
839,938,133,28.48
232,331,133,7.41
1133,1232,134,28.11
242,142,134,2.4
832,931,135,27.7
132,231,135,6.54
1033,1132,137,29.42
1035,1135,137,4.56
242,243,137,2.67
730,829,138,6.64
938,1037,139,28.18
933,1032,139,12.71
1134,1234,140,4.84
630,729,140,6.19
732,831,140,6.29
931,1030,141,27.42
443,543,141,6.73
1132,1231,142,28.65
332,431,142,6.45
134,33,142,1.28
1032,1131,144,29.65
1233,1333,145,4.97
542,642,145,3.86
1030,1129,146,30.56
1332,1431,148,8
1333,1432,150,28.54
642,741,150,34.23
832,932,150,4.97
839,939,150,4.72
343,444,150,5.33
1037,1136,151,12.66
740,840,151,4.52
343,344,151,3.66
1232,1331,152,7.9
231,330,153,7.88
938,1038,154,4.82
830,929,154,6.15
932,1031,155,29.02
931,1031,155,5.07
331,430,155,6.63
1136,1235,156,28.81
1031,1130,160,28.56
1038,1137,160,28.05
1234,1334,160,5.01
135,34,160,1
444,544,161,9.37
242,143,161,2.21
133,32,162,1.28
831,930,163,6.39
1129,1228,164,8.08
1131,1230,164,7.25
431,530,164,6.58
543,643,164,4.46
1137,1236,165,28.7
829,928,165,5.4
1334,1433,166,28.05
729,828,166,5.55
1231,1330,167,5.81
1432,1531,169,7.62
243,244,169,3.13
343,244,169,3.13
1236,1335,171,28.01
330,429,171,8.23
840,940,172,4.81
939,1039,172,4.7
643,742,173,17.25
430,529,173,8.23
1431,1530,173,5.76
1038,1138,175,4.86
1228,1327,176,12.13
1335,1434,177,28.05
742,841,178,34.43
1331,1430,178,5.54
1327,1426,180,36.16
344,345,181,82.84
444,545,181,2.95
444,445,181,56.4
1327,1328,182,49.79
143,144,182,51.17
40,41,182,35.26
345,346,183,92.3
445,446,183,82.84
1434,1435,183,39.56
742,743,183,32.5
940,941,183,33.29
1335,1336,183,40.86
1236,1237,183,37.72
41,42,184,52.88
1531,1532,184,26.6
1426,1427,184,28.62
346,347,185,73.89
1435,1436,186,43.87
1237,1238,186,35.99
1336,1337,186,36.93
1328,1329,186,32.12
42,43,186,69.55
545,546,187,17.69
1138,1139,187,14.6
244,245,187,15.36
1427,1428,187,43.78
347,348,188,44.07
446,447,188,21.56
43,44,188,56.35
841,842,188,12.66
1039,1040,188,13.33
1436,1437,189,39.6
1238,1239,189,38.6
643,644,189,10.81
1428,1429,190,46.94
348,349,191,36.38
1040,1041,191,33.49
941,942,191,13.77
546,547,191,26.58
1437,1438,192,37.22
842,843,192,29.76
44,45,192,30.04
743,744,192,11.28
144,145,193,9.24
349,350,194,44.15
447,448,194,19.83
1337,1338,194,13.81
1532,1533,194,10.08
1438,1439,195,43.07
942,943,195,30.56
1139,1140,195,13.63
448,449,196,65.28
843,844,196,32.38
145,146,196,33.45
245,246,196,11.83
1338,1339,197,41.76
547,548,197,19.6
1239,1240,197,13.84
45,46,197,23.86
146,147,198,54.09
1439,1440,198,37.65
1533,1534,198,30.71
644,645,198,11.76
1228,1229,198,5.43
449,450,199,42.8
1140,1141,199,32.85
1041,1042,199,14.04
943,944,199,29.08
246,247,199,36.26
1339,1340,200,37.65
350,351,200,17.66
1534,1535,201,40.15
548,549,201,32.6
1240,1241,201,31.03
46,47,201,26.43
744,745,201,12.08
247,248,201,51.39
450,451,202,37.5
1141,1142,202,36.58
1440,1441,202,27.33
549,550,203,69.43
1042,1043,203,32.42
1535,1536,204,48.65
1340,1341,204,28.94
147,148,204,17.31
550,551,205,57.83
451,452,205,40.96
1142,1143,205,34.55
47,48,205,29.81
351,352,205,22.58
844,845,205,12.14
148,149,206,52.62
1536,1537,207,42.35
645,646,207,12.34
248,249,207,19.94
1043,1044,207,29.63
944,945,207,12.52
48,49,208,42.24
1426,1527,208,5.06
149,150,209,41.48
1143,1144,209,30.56
352,353,209,32.84
1241,1242,209,12.92
1537,1538,210,37.72
745,746,210,11.81
551,552,211,19.21
1527,1528,212,33.1
1441,1442,212,11.09
1538,1539,213,43.01
353,354,213,27.87
1341,1342,213,12.07
249,250,213,19.75
49,50,214,17.49
452,453,214,12.21
845,846,214,12.02
646,647,214,15.28
1528,1529,215,49.98
945,946,215,12.72
1539,1540,216,35.97
552,553,216,23.18
150,151,216,14.67
1044,1045,216,12.31
453,454,217,47.06
1242,1243,217,13.5
647,648,218,25.42
1144,1145,218,12.44
746,747,218,14.08
250,251,219,18.23
1540,1541,220,26.51
50,51,220,18.03
1342,1343,220,14.44
1442,1443,220,14.24
151,152,221,20.88
846,847,221,14.58
1243,1244,221,31.86
648,649,222,31.43
747,748,222,25.56
553,554,222,16.94
946,947,223,14.24
1343,1344,223,34.59
152,153,224,37.44
251,252,224,21.21
748,749,225,39.46
847,848,225,26.58
51,52,225,24.77
1045,1046,225,12.13
1533,1634,225,4.71
649,650,226,26.51
153,154,227,37.6
1344,1345,227,32.6
1145,1146,227,12.05
252,253,227,39.57
749,750,228,35.45
848,849,228,42.41
52,53,228,33.65
1634,1635,228,39.88
947,948,228,24.25
354,355,228,6.74
1443,1444,228,13.88
1635,1636,230,51.04
1541,1542,230,10.38
253,254,230,39.93
1244,1245,230,12.22
849,850,231,43.32
355,356,231,48.71
948,949,231,40.44
650,651,231,20.37
1444,1445,231,34.69
750,751,232,30.37
53,54,232,29.26
356,357,233,51.07
1636,1637,233,47.08
1046,1047,233,12.54
850,851,234,38.98
949,950,234,47.75
751,752,235,33.37
1637,1638,236,41.24
651,652,236,20.71
154,155,236,11.61
1345,1346,236,12.24
1146,1147,236,11.97
950,951,238,32.46
1047,1048,238,21.99
1638,1639,239,41.94
851,852,239,24.93
1445,1446,239,13.19
1542,1543,239,12.47
1245,1246,239,12.38
652,653,240,26.97
752,753,240,24.55
54,55,240,12.65
1030,1029,241,6.12
1527,1628,245,0.37
1328,1227,245,20.76
1426,1325,245,20.71
1327,1226,246,21.36
1427,1326,246,21.12
356,255,247,19.79
1634,1633,250,10.04
1426,1425,251,4.98
1227,1126,252,21.3
1325,1224,252,20.66
1426,1526,252,0.54
1226,1125,253,20.92
1326,1225,253,20.75
1540,1641,254,0.77
357,256,257,8.62
929,1028,258,0.26
1425,1324,259,19.25
1126,1025,259,21.19
1224,1123,260,20.13
1225,1124,260,20.71
1125,1024,260,20.8
1633,1632,262,8.69
1425,1424,264,8.28
1539,1640,265,1.3
1224,1223,266,7.25
951,952,266,1.22
1024,923,267,20.94
1628,1627,267,4.61
1526,1525,268,6.31
1123,1022,268,19.29
1635,1734,269,4.68
331,230,269,4.65
1324,1323,270,9.88
1636,1735,271,4.47
1632,1631,272,10.22
1123,1122,273,8.23
1424,1423,274,10.2
1228,1127,274,3.83
132,131,274,1.05
1636,1736,275,2.67
828,727,275,3.91
928,827,275,3.92
630,629,275,2.05
1638,1737,276,3.93
1223,1222,277,9.92
1048,1049,278,0.53
1634,1733,278,3.53
1525,1524,279,9.27
1323,1322,282,8.43
1122,1021,282,17.47
1638,1738,283,2.26
1024,1023,284,4.33
1122,1121,284,9.51
1627,1626,286,5.35
1025,924,286,5.41
231,130,287,2.57
132,31,287,2.44
1524,1523,289,10.15
1733,1732,290,8.98
1121,1020,292,19.39
951,1050,292,2.71
923,822,293,5.46
1632,1731,296,4.24
1444,1544,296,1.53
1121,1120,297,8.14
1523,1422,297,19.6
554,555,297,0.25
1626,1625,299,8.19
1735,1834,300,4.93
1523,1522,302,11.41
1147,1148,303,0.24
1731,1730,306,11.29
1731,1630,307,13.14
1736,1835,307,2.41
430,329,307,3.59
1022,921,308,2.31
1127,1026,308,2.88
727,626,309,2.55
729,728,310,1.49
1625,1624,311,8.62
1834,1833,312,8.76
924,823,312,6.18
330,229,312,3.25
729,628,312,2.37
1023,922,315,5.58
1737,1836,315,2.13
951,1051,315,0.73
1229,1128,315,2.85
1730,1629,316,15.44
131,30,316,4.66
1028,927,316,3.83
1730,1729,317,9.85
827,726,318,4.53
1639,1739,319,0.72
822,721,322,5.32
1833,1832,325,7.93
1021,920,326,4.05
1524,1623,326,2.41
1731,1830,327,4.77
230,129,327,3.41
1120,1019,328,4.81
1050,1149,328,3.4
1020,919,329,3.58
1322,1221,329,2.34
1028,1027,329,2.15
827,826,330,2.45
529,428,330,1.97
1729,1728,332,6.94
1737,1837,332,1.06
529,528,332,1.3
822,821,333,2.79
1731,1831,334,2.71
130,29,334,3.56
1523,1622,335,3.43
1444,1545,335,0.56
1050,1150,337,1.77
823,722,338,5.52
1120,1119,338,2.57
1830,1829,339,8.8
429,328,343,1.74
726,625,346,5.22
454,455,347,0.22
1728,1727,348,6.6
1829,1828,352,8.09
726,725,355,2.75
927,926,355,2.58
1522,1421,356,2.67
1026,925,356,2.98
1422,1321,357,2.3
256,156,357,0.87
357,257,360,0.92
821,720,363,7.94
1727,1726,365,4.55
921,820,365,4.57
1221,1220,366,2.34
728,627,366,4.35
626,525,366,4.52
625,524,367,10.89
1828,1827,367,5.38
1019,918,367,4.93
628,527,367,4.49
1622,1521,368,7.38
826,825,368,2.23
925,824,370,12.07
725,624,371,10.84
229,128,371,4.16
919,818,372,4.74
721,620,373,4.43
1835,1934,373,1.65
129,28,374,4.84
920,819,374,4.39
1738,1838,374,0.72
329,228,375,3.41
428,327,376,4.49
1836,1935,376,1.76
528,427,377,4.58
525,424,380,10.8
1119,1018,380,4.34
1019,1018,380,1.75
825,724,381,10.92
524,423,381,10.68
722,621,381,4.54
1726,1725,384,5.27
328,227,384,4.34
527,426,385,7.97
1521,1420,387,7.76
128,27,388,8.83
1827,1826,388,4.96
1834,1933,388,1.35
1622,1621,389,1.76
1625,1724,390,1.25
1421,1320,391,4.34
1050,1151,392,0.97
423,322,394,11.28
424,323,394,10.71
724,623,395,10.77
720,619,396,4.37
918,817,398,4.66
820,719,398,4.35
426,325,399,10.41
627,526,399,4.39
824,723,400,4.85
322,221,402,18.18
624,523,402,4.59
323,222,403,16.05
1831,1930,404,1.86
1826,1825,405,5.98
620,519,405,4.49
818,717,405,4.34
1220,1219,405,2.57
1621,1520,406,8.32
1933,1932,407,5.35
819,718,407,4.41
1837,1936,407,1.64
1836,1936,407,0.93
623,522,408,10.91
228,127,408,4.35
1018,917,409,4.97
327,226,409,4.35
222,121,410,20.3
221,120,410,19.59
427,326,410,4.41
621,520,413,4.52
1830,1929,414,1.55
227,126,415,4.62
523,422,416,10.46
120,19,416,24.38
127,26,417,16.73
1219,1118,417,12.62
1420,1319,419,4.51
121,20,419,16.61
1640,1740,422,0.57
322,321,423,7.09
1932,1931,424,10.65
426,425,425,4.92
1018,1017,425,2.39
1150,1249,425,1.86
1929,1928,426,11.24
221,220,426,7.48
126,25,427,6.04
120,119,427,9.29
623,622,429,5.05
951,1052,429,0.48
1724,1723,430,3.96
126,125,431,7.7
1621,1620,431,3.95
1219,1218,433,5.24
1928,1927,435,11.17
1545,1644,435,1.6
321,320,437,7.36
422,421,437,5.39
1837,1937,437,0.95
19,18,439,4.95
1723,1722,440,10.24
220,219,441,7.1
25,24,442,6.83
1825,1824,442,3.4
1927,1926,444,11.24
125,124,444,7.9
619,518,445,1.39
119,118,446,5.35
1249,1248,448,4.39
325,224,448,1.45
257,157,450,0.9
320,319,451,7.23
1824,1823,451,11.39
1926,1925,452,13.24
357,456,452,0.93
1118,1117,453,2.94
719,618,453,1.38
817,716,454,1.38
421,420,455,5.67
1218,1217,456,4.4
124,123,457,7.78
219,218,457,6.27
24,23,457,6.81
1150,1250,459,0.84
1925,1924,460,13.8
224,223,461,7.73
425,324,461,3.95
18,17,462,4.47
226,225,462,2.15
1420,1419,463,1.76
319,318,466,6.82
1934,2033,467,1.68
118,117,467,4.77
1924,1923,468,13.67
817,816,468,1.76
23,22,468,9.29
1017,1016,471,2.21
917,916,471,1.8
1520,1519,471,1.76
123,122,471,7.32
156,56,471,0.72
522,521,472,1.78
1248,1247,473,4.13
1319,1318,474,1.85
519,418,474,1.39
1823,1822,476,4.08
717,616,476,1.39
218,217,476,5.35
2033,2032,477,10.72
1545,1645,477,0.72
22,21,479,9.42
