simulation,ignition,weather
1,294,/Users/matiasvilches/Documents/F2A/papers/two_stage/forest/sub40/Weathers/Weather104.csv
2,595,/Users/matiasvilches/Documents/F2A/papers/two_stage/forest/sub40/Weathers/Weather73.csv
3,1209,/Users/matiasvilches/Documents/F2A/papers/two_stage/forest/sub40/Weathers/Weather57.csv
4,87,/Users/matiasvilches/Documents/F2A/papers/two_stage/forest/sub40/Weathers/Weather25.csv
5,691,/Users/matiasvilches/Documents/F2A/papers/two_stage/forest/sub40/Weathers/Weather44.csv
6,972,/Users/matiasvilches/Documents/F2A/papers/two_stage/forest/sub40/Weathers/Weather93.csv
7,393,/Users/matiasvilches/Documents/F2A/papers/two_stage/forest/sub40/Weathers/Weather81.csv
8,619,/Users/matiasvilches/Documents/F2A/papers/two_stage/forest/sub40/Weathers/Weather18.csv
9,480,/Users/matiasvilches/Documents/F2A/papers/two_stage/forest/sub40/Weathers/Weather100.csv
10,747,/Users/matiasvilches/Documents/F2A/papers/two_stage/forest/sub40/Weathers/Weather45.csv
11,565,/Users/matiasvilches/Documents/F2A/papers/two_stage/forest/sub40/Weathers/Weather70.csv
12,766,/Users/matiasvilches/Documents/F2A/papers/two_stage/forest/sub40/Weathers/Weather93.csv
13,873,/Users/matiasvilches/Documents/F2A/papers/two_stage/forest/sub40/Weathers/Weather60.csv
14,777,/Users/matiasvilches/Documents/F2A/papers/two_stage/forest/sub40/Weathers/Weather115.csv
15,906,/Users/matiasvilches/Documents/F2A/papers/two_stage/forest/sub40/Weathers/Weather37.csv
16,653,/Users/matiasvilches/Documents/F2A/papers/two_stage/forest/sub40/Weathers/Weather5.csv
17,205,/Users/matiasvilches/Documents/F2A/papers/two_stage/forest/sub40/Weathers/Weather111.csv
18,1111,/Users/matiasvilches/Documents/F2A/papers/two_stage/forest/sub40/Weathers/Weather51.csv
19,1414,/Users/matiasvilches/Documents/F2A/papers/two_stage/forest/sub40/Weathers/Weather74.csv
20,205,/Users/matiasvilches/Documents/F2A/papers/two_stage/forest/sub40/Weathers/Weather120.csv
21,357,/Users/matiasvilches/Documents/F2A/papers/two_stage/forest/sub40/Weathers/Weather60.csv
22,1430,/Users/matiasvilches/Documents/F2A/papers/two_stage/forest/sub40/Weathers/Weather39.csv
23,1158,/Users/matiasvilches/Documents/F2A/papers/two_stage/forest/sub40/Weathers/Weather57.csv
24,1560,/Users/matiasvilches/Documents/F2A/papers/two_stage/forest/sub40/Weathers/Weather32.csv
25,865,/Users/matiasvilches/Documents/F2A/papers/two_stage/forest/sub40/Weathers/Weather45.csv
26,890,/Users/matiasvilches/Documents/F2A/papers/two_stage/forest/sub40/Weathers/Weather1.csv
27,1488,/Users/matiasvilches/Documents/F2A/papers/two_stage/forest/sub40/Weathers/Weather80.csv
28,1542,/Users/matiasvilches/Documents/F2A/papers/two_stage/forest/sub40/Weathers/Weather6.csv
29,1087,/Users/matiasvilches/Documents/F2A/papers/two_stage/forest/sub40/Weathers/Weather44.csv
30,1465,/Users/matiasvilches/Documents/F2A/papers/two_stage/forest/sub40/Weathers/Weather64.csv
31,874,/Users/matiasvilches/Documents/F2A/papers/two_stage/forest/sub40/Weathers/Weather3.csv
32,116,/Users/matiasvilches/Documents/F2A/papers/two_stage/forest/sub40/Weathers/Weather53.csv
33,1134,/Users/matiasvilches/Documents/F2A/papers/two_stage/forest/sub40/Weathers/Weather110.csv
34,1284,/Users/matiasvilches/Documents/F2A/papers/two_stage/forest/sub40/Weathers/Weather59.csv
35,434,/Users/matiasvilches/Documents/F2A/papers/two_stage/forest/sub40/Weathers/Weather70.csv
36,1573,/Users/matiasvilches/Documents/F2A/papers/two_stage/forest/sub40/Weathers/Weather102.csv
37,337,/Users/matiasvilches/Documents/F2A/papers/two_stage/forest/sub40/Weathers/Weather99.csv
38,1283,/Users/matiasvilches/Documents/F2A/papers/two_stage/forest/sub40/Weathers/Weather124.csv
39,1452,/Users/matiasvilches/Documents/F2A/papers/two_stage/forest/sub40/Weathers/Weather121.csv
40,154,/Users/matiasvilches/Documents/F2A/papers/two_stage/forest/sub40/Weathers/Weather100.csv
41,1367,/Users/matiasvilches/Documents/F2A/papers/two_stage/forest/sub40/Weathers/Weather105.csv
42,455,/Users/matiasvilches/Documents/F2A/papers/two_stage/forest/sub40/Weathers/Weather118.csv
43,720,/Users/matiasvilches/Documents/F2A/papers/two_stage/forest/sub40/Weathers/Weather36.csv
44,1356,/Users/matiasvilches/Documents/F2A/papers/two_stage/forest/sub40/Weathers/Weather64.csv
45,165,/Users/matiasvilches/Documents/F2A/papers/two_stage/forest/sub40/Weathers/Weather69.csv
46,1486,/Users/matiasvilches/Documents/F2A/papers/two_stage/forest/sub40/Weathers/Weather12.csv
47,117,/Users/matiasvilches/Documents/F2A/papers/two_stage/forest/sub40/Weathers/Weather36.csv
48,820,/Users/matiasvilches/Documents/F2A/papers/two_stage/forest/sub40/Weathers/Weather85.csv
49,279,/Users/matiasvilches/Documents/F2A/papers/two_stage/forest/sub40/Weathers/Weather19.csv
50,1202,/Users/matiasvilches/Documents/F2A/papers/two_stage/forest/sub40/Weathers/Weather26.csv
51,373,/Users/matiasvilches/Documents/F2A/papers/two_stage/forest/sub40/Weathers/Weather129.csv
52,903,/Users/matiasvilches/Documents/F2A/papers/two_stage/forest/sub40/Weathers/Weather68.csv
53,456,/Users/matiasvilches/Documents/F2A/papers/two_stage/forest/sub40/Weathers/Weather2.csv
54,810,/Users/matiasvilches/Documents/F2A/papers/two_stage/forest/sub40/Weathers/Weather27.csv
55,774,/Users/matiasvilches/Documents/F2A/papers/two_stage/forest/sub40/Weathers/Weather118.csv
56,168,/Users/matiasvilches/Documents/F2A/papers/two_stage/forest/sub40/Weathers/Weather121.csv
57,241,/Users/matiasvilches/Documents/F2A/papers/two_stage/forest/sub40/Weathers/Weather65.csv
58,889,/Users/matiasvilches/Documents/F2A/papers/two_stage/forest/sub40/Weathers/Weather67.csv
59,772,/Users/matiasvilches/Documents/F2A/papers/two_stage/forest/sub40/Weathers/Weather78.csv
60,776,/Users/matiasvilches/Documents/F2A/papers/two_stage/forest/sub40/Weathers/Weather123.csv
61,804,/Users/matiasvilches/Documents/F2A/papers/two_stage/forest/sub40/Weathers/Weather29.csv
62,379,/Users/matiasvilches/Documents/F2A/papers/two_stage/forest/sub40/Weathers/Weather64.csv
63,1187,/Users/matiasvilches/Documents/F2A/papers/two_stage/forest/sub40/Weathers/Weather104.csv
64,1113,/Users/matiasvilches/Documents/F2A/papers/two_stage/forest/sub40/Weathers/Weather8.csv
65,873,/Users/matiasvilches/Documents/F2A/papers/two_stage/forest/sub40/Weathers/Weather8.csv
66,1280,/Users/matiasvilches/Documents/F2A/papers/two_stage/forest/sub40/Weathers/Weather9.csv
67,1435,/Users/matiasvilches/Documents/F2A/papers/two_stage/forest/sub40/Weathers/Weather64.csv
68,434,/Users/matiasvilches/Documents/F2A/papers/two_stage/forest/sub40/Weathers/Weather88.csv
69,486,/Users/matiasvilches/Documents/F2A/papers/two_stage/forest/sub40/Weathers/Weather23.csv
70,600,/Users/matiasvilches/Documents/F2A/papers/two_stage/forest/sub40/Weathers/Weather61.csv
71,1206,/Users/matiasvilches/Documents/F2A/papers/two_stage/forest/sub40/Weathers/Weather112.csv
72,558,/Users/matiasvilches/Documents/F2A/papers/two_stage/forest/sub40/Weathers/Weather126.csv
73,1400,/Users/matiasvilches/Documents/F2A/papers/two_stage/forest/sub40/Weathers/Weather50.csv
74,646,/Users/matiasvilches/Documents/F2A/papers/two_stage/forest/sub40/Weathers/Weather50.csv
75,344,/Users/matiasvilches/Documents/F2A/papers/two_stage/forest/sub40/Weathers/Weather27.csv
76,1274,/Users/matiasvilches/Documents/F2A/papers/two_stage/forest/sub40/Weathers/Weather126.csv
77,777,/Users/matiasvilches/Documents/F2A/papers/two_stage/forest/sub40/Weathers/Weather99.csv
78,871,/Users/matiasvilches/Documents/F2A/papers/two_stage/forest/sub40/Weathers/Weather73.csv
79,1503,/Users/matiasvilches/Documents/F2A/papers/two_stage/forest/sub40/Weathers/Weather112.csv
80,540,/Users/matiasvilches/Documents/F2A/papers/two_stage/forest/sub40/Weathers/Weather82.csv
81,651,/Users/matiasvilches/Documents/F2A/papers/two_stage/forest/sub40/Weathers/Weather62.csv
82,1526,/Users/matiasvilches/Documents/F2A/papers/two_stage/forest/sub40/Weathers/Weather93.csv
83,1542,/Users/matiasvilches/Documents/F2A/papers/two_stage/forest/sub40/Weathers/Weather96.csv
84,1209,/Users/matiasvilches/Documents/F2A/papers/two_stage/forest/sub40/Weathers/Weather28.csv
85,114,/Users/matiasvilches/Documents/F2A/papers/two_stage/forest/sub40/Weathers/Weather47.csv
86,1501,/Users/matiasvilches/Documents/F2A/papers/two_stage/forest/sub40/Weathers/Weather97.csv
87,211,/Users/matiasvilches/Documents/F2A/papers/two_stage/forest/sub40/Weathers/Weather6.csv
88,1387,/Users/matiasvilches/Documents/F2A/papers/two_stage/forest/sub40/Weathers/Weather7.csv
89,1091,/Users/matiasvilches/Documents/F2A/papers/two_stage/forest/sub40/Weathers/Weather34.csv
90,883,/Users/matiasvilches/Documents/F2A/papers/two_stage/forest/sub40/Weathers/Weather60.csv
91,1597,/Users/matiasvilches/Documents/F2A/papers/two_stage/forest/sub40/Weathers/Weather80.csv
92,624,/Users/matiasvilches/Documents/F2A/papers/two_stage/forest/sub40/Weathers/Weather42.csv
93,515,/Users/matiasvilches/Documents/F2A/papers/two_stage/forest/sub40/Weathers/Weather68.csv
94,588,/Users/matiasvilches/Documents/F2A/papers/two_stage/forest/sub40/Weathers/Weather36.csv
95,920,/Users/matiasvilches/Documents/F2A/papers/two_stage/forest/sub40/Weathers/Weather104.csv
96,976,/Users/matiasvilches/Documents/F2A/papers/two_stage/forest/sub40/Weathers/Weather37.csv
97,1416,/Users/matiasvilches/Documents/F2A/papers/two_stage/forest/sub40/Weathers/Weather37.csv
98,1418,/Users/matiasvilches/Documents/F2A/papers/two_stage/forest/sub40/Weathers/Weather17.csv
99,379,/Users/matiasvilches/Documents/F2A/papers/two_stage/forest/sub40/Weathers/Weather83.csv
100,270,/Users/matiasvilches/Documents/F2A/papers/two_stage/forest/sub40/Weathers/Weather66.csv
101,317,/Users/matiasvilches/Documents/F2A/papers/two_stage/forest/sub40/Weathers/Weather89.csv
102,1228,/Users/matiasvilches/Documents/F2A/papers/two_stage/forest/sub40/Weathers/Weather52.csv
103,945,/Users/matiasvilches/Documents/F2A/papers/two_stage/forest/sub40/Weathers/Weather53.csv
104,674,/Users/matiasvilches/Documents/F2A/papers/two_stage/forest/sub40/Weathers/Weather62.csv
105,649,/Users/matiasvilches/Documents/F2A/papers/two_stage/forest/sub40/Weathers/Weather69.csv
106,1306,/Users/matiasvilches/Documents/F2A/papers/two_stage/forest/sub40/Weathers/Weather43.csv
107,1229,/Users/matiasvilches/Documents/F2A/papers/two_stage/forest/sub40/Weathers/Weather1.csv
108,1102,/Users/matiasvilches/Documents/F2A/papers/two_stage/forest/sub40/Weathers/Weather123.csv
109,523,/Users/matiasvilches/Documents/F2A/papers/two_stage/forest/sub40/Weathers/Weather66.csv
110,232,/Users/matiasvilches/Documents/F2A/papers/two_stage/forest/sub40/Weathers/Weather106.csv
111,1036,/Users/matiasvilches/Documents/F2A/papers/two_stage/forest/sub40/Weathers/Weather35.csv
112,485,/Users/matiasvilches/Documents/F2A/papers/two_stage/forest/sub40/Weathers/Weather77.csv
113,259,/Users/matiasvilches/Documents/F2A/papers/two_stage/forest/sub40/Weathers/Weather7.csv
114,1313,/Users/matiasvilches/Documents/F2A/papers/two_stage/forest/sub40/Weathers/Weather71.csv
115,793,/Users/matiasvilches/Documents/F2A/papers/two_stage/forest/sub40/Weathers/Weather10.csv
116,775,/Users/matiasvilches/Documents/F2A/papers/two_stage/forest/sub40/Weathers/Weather8.csv
117,217,/Users/matiasvilches/Documents/F2A/papers/two_stage/forest/sub40/Weathers/Weather47.csv
118,918,/Users/matiasvilches/Documents/F2A/papers/two_stage/forest/sub40/Weathers/Weather7.csv
119,1279,/Users/matiasvilches/Documents/F2A/papers/two_stage/forest/sub40/Weathers/Weather127.csv
120,986,/Users/matiasvilches/Documents/F2A/papers/two_stage/forest/sub40/Weathers/Weather64.csv
121,656,/Users/matiasvilches/Documents/F2A/papers/two_stage/forest/sub40/Weathers/Weather16.csv
122,1249,/Users/matiasvilches/Documents/F2A/papers/two_stage/forest/sub40/Weathers/Weather12.csv
123,653,/Users/matiasvilches/Documents/F2A/papers/two_stage/forest/sub40/Weathers/Weather100.csv
124,398,/Users/matiasvilches/Documents/F2A/papers/two_stage/forest/sub40/Weathers/Weather84.csv
125,1201,/Users/matiasvilches/Documents/F2A/papers/two_stage/forest/sub40/Weathers/Weather85.csv
126,1488,/Users/matiasvilches/Documents/F2A/papers/two_stage/forest/sub40/Weathers/Weather53.csv
127,1162,/Users/matiasvilches/Documents/F2A/papers/two_stage/forest/sub40/Weathers/Weather36.csv
128,1163,/Users/matiasvilches/Documents/F2A/papers/two_stage/forest/sub40/Weathers/Weather74.csv
129,449,/Users/matiasvilches/Documents/F2A/papers/two_stage/forest/sub40/Weathers/Weather60.csv
130,808,/Users/matiasvilches/Documents/F2A/papers/two_stage/forest/sub40/Weathers/Weather5.csv
131,1285,/Users/matiasvilches/Documents/F2A/papers/two_stage/forest/sub40/Weathers/Weather85.csv
132,1282,/Users/matiasvilches/Documents/F2A/papers/two_stage/forest/sub40/Weathers/Weather55.csv
133,882,/Users/matiasvilches/Documents/F2A/papers/two_stage/forest/sub40/Weathers/Weather104.csv
134,1424,/Users/matiasvilches/Documents/F2A/papers/two_stage/forest/sub40/Weathers/Weather122.csv
135,1481,/Users/matiasvilches/Documents/F2A/papers/two_stage/forest/sub40/Weathers/Weather103.csv
136,562,/Users/matiasvilches/Documents/F2A/papers/two_stage/forest/sub40/Weathers/Weather48.csv
137,1393,/Users/matiasvilches/Documents/F2A/papers/two_stage/forest/sub40/Weathers/Weather24.csv
138,157,/Users/matiasvilches/Documents/F2A/papers/two_stage/forest/sub40/Weathers/Weather69.csv
139,1088,/Users/matiasvilches/Documents/F2A/papers/two_stage/forest/sub40/Weathers/Weather121.csv
140,1009,/Users/matiasvilches/Documents/F2A/papers/two_stage/forest/sub40/Weathers/Weather98.csv
141,1371,/Users/matiasvilches/Documents/F2A/papers/two_stage/forest/sub40/Weathers/Weather21.csv
142,687,/Users/matiasvilches/Documents/F2A/papers/two_stage/forest/sub40/Weathers/Weather121.csv
143,513,/Users/matiasvilches/Documents/F2A/papers/two_stage/forest/sub40/Weathers/Weather96.csv
144,1557,/Users/matiasvilches/Documents/F2A/papers/two_stage/forest/sub40/Weathers/Weather102.csv
145,1164,/Users/matiasvilches/Documents/F2A/papers/two_stage/forest/sub40/Weathers/Weather64.csv
146,888,/Users/matiasvilches/Documents/F2A/papers/two_stage/forest/sub40/Weathers/Weather109.csv
147,22,/Users/matiasvilches/Documents/F2A/papers/two_stage/forest/sub40/Weathers/Weather9.csv
148,1574,/Users/matiasvilches/Documents/F2A/papers/two_stage/forest/sub40/Weathers/Weather43.csv
149,518,/Users/matiasvilches/Documents/F2A/papers/two_stage/forest/sub40/Weathers/Weather31.csv
150,1025,/Users/matiasvilches/Documents/F2A/papers/two_stage/forest/sub40/Weathers/Weather65.csv
151,623,/Users/matiasvilches/Documents/F2A/papers/two_stage/forest/sub40/Weathers/Weather42.csv
152,1022,/Users/matiasvilches/Documents/F2A/papers/two_stage/forest/sub40/Weathers/Weather1.csv
153,1345,/Users/matiasvilches/Documents/F2A/papers/two_stage/forest/sub40/Weathers/Weather86.csv
154,699,/Users/matiasvilches/Documents/F2A/papers/two_stage/forest/sub40/Weathers/Weather36.csv
155,1116,/Users/matiasvilches/Documents/F2A/papers/two_stage/forest/sub40/Weathers/Weather112.csv
156,436,/Users/matiasvilches/Documents/F2A/papers/two_stage/forest/sub40/Weathers/Weather67.csv
157,336,/Users/matiasvilches/Documents/F2A/papers/two_stage/forest/sub40/Weathers/Weather79.csv
158,167,/Users/matiasvilches/Documents/F2A/papers/two_stage/forest/sub40/Weathers/Weather57.csv
159,1567,/Users/matiasvilches/Documents/F2A/papers/two_stage/forest/sub40/Weathers/Weather23.csv
160,1230,/Users/matiasvilches/Documents/F2A/papers/two_stage/forest/sub40/Weathers/Weather47.csv
161,1162,/Users/matiasvilches/Documents/F2A/papers/two_stage/forest/sub40/Weathers/Weather101.csv
162,751,/Users/matiasvilches/Documents/F2A/papers/two_stage/forest/sub40/Weathers/Weather33.csv
163,598,/Users/matiasvilches/Documents/F2A/papers/two_stage/forest/sub40/Weathers/Weather28.csv
164,955,/Users/matiasvilches/Documents/F2A/papers/two_stage/forest/sub40/Weathers/Weather94.csv
165,1582,/Users/matiasvilches/Documents/F2A/papers/two_stage/forest/sub40/Weathers/Weather124.csv
166,905,/Users/matiasvilches/Documents/F2A/papers/two_stage/forest/sub40/Weathers/Weather82.csv
167,1061,/Users/matiasvilches/Documents/F2A/papers/two_stage/forest/sub40/Weathers/Weather22.csv
168,375,/Users/matiasvilches/Documents/F2A/papers/two_stage/forest/sub40/Weathers/Weather45.csv
169,340,/Users/matiasvilches/Documents/F2A/papers/two_stage/forest/sub40/Weathers/Weather103.csv
170,1412,/Users/matiasvilches/Documents/F2A/papers/two_stage/forest/sub40/Weathers/Weather27.csv
171,609,/Users/matiasvilches/Documents/F2A/papers/two_stage/forest/sub40/Weathers/Weather58.csv
172,538,/Users/matiasvilches/Documents/F2A/papers/two_stage/forest/sub40/Weathers/Weather98.csv
173,649,/Users/matiasvilches/Documents/F2A/papers/two_stage/forest/sub40/Weathers/Weather93.csv
174,862,/Users/matiasvilches/Documents/F2A/papers/two_stage/forest/sub40/Weathers/Weather54.csv
175,555,/Users/matiasvilches/Documents/F2A/papers/two_stage/forest/sub40/Weathers/Weather3.csv
176,1143,/Users/matiasvilches/Documents/F2A/papers/two_stage/forest/sub40/Weathers/Weather96.csv
177,519,/Users/matiasvilches/Documents/F2A/papers/two_stage/forest/sub40/Weathers/Weather69.csv
178,906,/Users/matiasvilches/Documents/F2A/papers/two_stage/forest/sub40/Weathers/Weather111.csv
179,325,/Users/matiasvilches/Documents/F2A/papers/two_stage/forest/sub40/Weathers/Weather43.csv
180,1286,/Users/matiasvilches/Documents/F2A/papers/two_stage/forest/sub40/Weathers/Weather14.csv
181,895,/Users/matiasvilches/Documents/F2A/papers/two_stage/forest/sub40/Weathers/Weather90.csv
182,582,/Users/matiasvilches/Documents/F2A/papers/two_stage/forest/sub40/Weathers/Weather71.csv
183,1117,/Users/matiasvilches/Documents/F2A/papers/two_stage/forest/sub40/Weathers/Weather117.csv
184,1382,/Users/matiasvilches/Documents/F2A/papers/two_stage/forest/sub40/Weathers/Weather40.csv
185,171,/Users/matiasvilches/Documents/F2A/papers/two_stage/forest/sub40/Weathers/Weather57.csv
186,547,/Users/matiasvilches/Documents/F2A/papers/two_stage/forest/sub40/Weathers/Weather80.csv
187,1531,/Users/matiasvilches/Documents/F2A/papers/two_stage/forest/sub40/Weathers/Weather67.csv
188,437,/Users/matiasvilches/Documents/F2A/papers/two_stage/forest/sub40/Weathers/Weather89.csv
189,254,/Users/matiasvilches/Documents/F2A/papers/two_stage/forest/sub40/Weathers/Weather53.csv
190,677,/Users/matiasvilches/Documents/F2A/papers/two_stage/forest/sub40/Weathers/Weather42.csv
191,715,/Users/matiasvilches/Documents/F2A/papers/two_stage/forest/sub40/Weathers/Weather39.csv
192,1176,/Users/matiasvilches/Documents/F2A/papers/two_stage/forest/sub40/Weathers/Weather25.csv
193,906,/Users/matiasvilches/Documents/F2A/papers/two_stage/forest/sub40/Weathers/Weather64.csv
194,539,/Users/matiasvilches/Documents/F2A/papers/two_stage/forest/sub40/Weathers/Weather70.csv
195,910,/Users/matiasvilches/Documents/F2A/papers/two_stage/forest/sub40/Weathers/Weather83.csv
196,371,/Users/matiasvilches/Documents/F2A/papers/two_stage/forest/sub40/Weathers/Weather21.csv
197,1399,/Users/matiasvilches/Documents/F2A/papers/two_stage/forest/sub40/Weathers/Weather74.csv
198,1104,/Users/matiasvilches/Documents/F2A/papers/two_stage/forest/sub40/Weathers/Weather25.csv
199,331,/Users/matiasvilches/Documents/F2A/papers/two_stage/forest/sub40/Weathers/Weather7.csv
200,701,/Users/matiasvilches/Documents/F2A/papers/two_stage/forest/sub40/Weathers/Weather67.csv
201,853,/Users/matiasvilches/Documents/F2A/papers/two_stage/forest/sub40/Weathers/Weather71.csv
202,1183,/Users/matiasvilches/Documents/F2A/papers/two_stage/forest/sub40/Weathers/Weather123.csv
203,1011,/Users/matiasvilches/Documents/F2A/papers/two_stage/forest/sub40/Weathers/Weather85.csv
204,738,/Users/matiasvilches/Documents/F2A/papers/two_stage/forest/sub40/Weathers/Weather84.csv
205,445,/Users/matiasvilches/Documents/F2A/papers/two_stage/forest/sub40/Weathers/Weather85.csv
206,595,/Users/matiasvilches/Documents/F2A/papers/two_stage/forest/sub40/Weathers/Weather4.csv
207,1144,/Users/matiasvilches/Documents/F2A/papers/two_stage/forest/sub40/Weathers/Weather24.csv
208,482,/Users/matiasvilches/Documents/F2A/papers/two_stage/forest/sub40/Weathers/Weather32.csv
209,1547,/Users/matiasvilches/Documents/F2A/papers/two_stage/forest/sub40/Weathers/Weather110.csv
210,435,/Users/matiasvilches/Documents/F2A/papers/two_stage/forest/sub40/Weathers/Weather74.csv
211,1528,/Users/matiasvilches/Documents/F2A/papers/two_stage/forest/sub40/Weathers/Weather21.csv
212,1225,/Users/matiasvilches/Documents/F2A/papers/two_stage/forest/sub40/Weathers/Weather81.csv
213,1020,/Users/matiasvilches/Documents/F2A/papers/two_stage/forest/sub40/Weathers/Weather87.csv
214,1161,/Users/matiasvilches/Documents/F2A/papers/two_stage/forest/sub40/Weathers/Weather87.csv
215,869,/Users/matiasvilches/Documents/F2A/papers/two_stage/forest/sub40/Weathers/Weather110.csv
216,921,/Users/matiasvilches/Documents/F2A/papers/two_stage/forest/sub40/Weathers/Weather35.csv
217,936,/Users/matiasvilches/Documents/F2A/papers/two_stage/forest/sub40/Weathers/Weather97.csv
218,1018,/Users/matiasvilches/Documents/F2A/papers/two_stage/forest/sub40/Weathers/Weather8.csv
219,1311,/Users/matiasvilches/Documents/F2A/papers/two_stage/forest/sub40/Weathers/Weather110.csv
220,830,/Users/matiasvilches/Documents/F2A/papers/two_stage/forest/sub40/Weathers/Weather29.csv
221,1317,/Users/matiasvilches/Documents/F2A/papers/two_stage/forest/sub40/Weathers/Weather102.csv
222,324,/Users/matiasvilches/Documents/F2A/papers/two_stage/forest/sub40/Weathers/Weather69.csv
223,17,/Users/matiasvilches/Documents/F2A/papers/two_stage/forest/sub40/Weathers/Weather64.csv
224,546,/Users/matiasvilches/Documents/F2A/papers/two_stage/forest/sub40/Weathers/Weather95.csv
225,210,/Users/matiasvilches/Documents/F2A/papers/two_stage/forest/sub40/Weathers/Weather75.csv
226,291,/Users/matiasvilches/Documents/F2A/papers/two_stage/forest/sub40/Weathers/Weather3.csv
227,370,/Users/matiasvilches/Documents/F2A/papers/two_stage/forest/sub40/Weathers/Weather21.csv
228,1228,/Users/matiasvilches/Documents/F2A/papers/two_stage/forest/sub40/Weathers/Weather80.csv
229,125,/Users/matiasvilches/Documents/F2A/papers/two_stage/forest/sub40/Weathers/Weather106.csv
230,329,/Users/matiasvilches/Documents/F2A/papers/two_stage/forest/sub40/Weathers/Weather90.csv
231,1269,/Users/matiasvilches/Documents/F2A/papers/two_stage/forest/sub40/Weathers/Weather70.csv
232,967,/Users/matiasvilches/Documents/F2A/papers/two_stage/forest/sub40/Weathers/Weather5.csv
233,1500,/Users/matiasvilches/Documents/F2A/papers/two_stage/forest/sub40/Weathers/Weather43.csv
234,379,/Users/matiasvilches/Documents/F2A/papers/two_stage/forest/sub40/Weathers/Weather110.csv
235,175,/Users/matiasvilches/Documents/F2A/papers/two_stage/forest/sub40/Weathers/Weather42.csv
236,262,/Users/matiasvilches/Documents/F2A/papers/two_stage/forest/sub40/Weathers/Weather126.csv
237,920,/Users/matiasvilches/Documents/F2A/papers/two_stage/forest/sub40/Weathers/Weather113.csv
238,449,/Users/matiasvilches/Documents/F2A/papers/two_stage/forest/sub40/Weathers/Weather112.csv
239,900,/Users/matiasvilches/Documents/F2A/papers/two_stage/forest/sub40/Weathers/Weather90.csv
240,377,/Users/matiasvilches/Documents/F2A/papers/two_stage/forest/sub40/Weathers/Weather91.csv
241,1421,/Users/matiasvilches/Documents/F2A/papers/two_stage/forest/sub40/Weathers/Weather23.csv
242,1553,/Users/matiasvilches/Documents/F2A/papers/two_stage/forest/sub40/Weathers/Weather79.csv
243,485,/Users/matiasvilches/Documents/F2A/papers/two_stage/forest/sub40/Weathers/Weather81.csv
244,731,/Users/matiasvilches/Documents/F2A/papers/two_stage/forest/sub40/Weathers/Weather108.csv
245,1036,/Users/matiasvilches/Documents/F2A/papers/two_stage/forest/sub40/Weathers/Weather101.csv
246,1392,/Users/matiasvilches/Documents/F2A/papers/two_stage/forest/sub40/Weathers/Weather90.csv
247,754,/Users/matiasvilches/Documents/F2A/papers/two_stage/forest/sub40/Weathers/Weather21.csv
248,945,/Users/matiasvilches/Documents/F2A/papers/two_stage/forest/sub40/Weathers/Weather58.csv
249,352,/Users/matiasvilches/Documents/F2A/papers/two_stage/forest/sub40/Weathers/Weather105.csv
250,1368,/Users/matiasvilches/Documents/F2A/papers/two_stage/forest/sub40/Weathers/Weather17.csv
251,1456,/Users/matiasvilches/Documents/F2A/papers/two_stage/forest/sub40/Weathers/Weather69.csv
252,986,/Users/matiasvilches/Documents/F2A/papers/two_stage/forest/sub40/Weathers/Weather44.csv
253,1060,/Users/matiasvilches/Documents/F2A/papers/two_stage/forest/sub40/Weathers/Weather25.csv
254,1131,/Users/matiasvilches/Documents/F2A/papers/two_stage/forest/sub40/Weathers/Weather81.csv
255,1207,/Users/matiasvilches/Documents/F2A/papers/two_stage/forest/sub40/Weathers/Weather96.csv
256,1018,/Users/matiasvilches/Documents/F2A/papers/two_stage/forest/sub40/Weathers/Weather128.csv
257,321,/Users/matiasvilches/Documents/F2A/papers/two_stage/forest/sub40/Weathers/Weather41.csv
258,363,/Users/matiasvilches/Documents/F2A/papers/two_stage/forest/sub40/Weathers/Weather77.csv
259,687,/Users/matiasvilches/Documents/F2A/papers/two_stage/forest/sub40/Weathers/Weather124.csv
260,973,/Users/matiasvilches/Documents/F2A/papers/two_stage/forest/sub40/Weathers/Weather35.csv
261,885,/Users/matiasvilches/Documents/F2A/papers/two_stage/forest/sub40/Weathers/Weather90.csv
262,997,/Users/matiasvilches/Documents/F2A/papers/two_stage/forest/sub40/Weathers/Weather8.csv
263,587,/Users/matiasvilches/Documents/F2A/papers/two_stage/forest/sub40/Weathers/Weather112.csv
264,646,/Users/matiasvilches/Documents/F2A/papers/two_stage/forest/sub40/Weathers/Weather30.csv
265,565,/Users/matiasvilches/Documents/F2A/papers/two_stage/forest/sub40/Weathers/Weather43.csv
266,762,/Users/matiasvilches/Documents/F2A/papers/two_stage/forest/sub40/Weathers/Weather92.csv
267,1412,/Users/matiasvilches/Documents/F2A/papers/two_stage/forest/sub40/Weathers/Weather9.csv
268,352,/Users/matiasvilches/Documents/F2A/papers/two_stage/forest/sub40/Weathers/Weather12.csv
269,351,/Users/matiasvilches/Documents/F2A/papers/two_stage/forest/sub40/Weathers/Weather41.csv
270,526,/Users/matiasvilches/Documents/F2A/papers/two_stage/forest/sub40/Weathers/Weather72.csv
271,1107,/Users/matiasvilches/Documents/F2A/papers/two_stage/forest/sub40/Weathers/Weather90.csv
272,1092,/Users/matiasvilches/Documents/F2A/papers/two_stage/forest/sub40/Weathers/Weather65.csv
273,1155,/Users/matiasvilches/Documents/F2A/papers/two_stage/forest/sub40/Weathers/Weather122.csv
274,935,/Users/matiasvilches/Documents/F2A/papers/two_stage/forest/sub40/Weathers/Weather36.csv
275,300,/Users/matiasvilches/Documents/F2A/papers/two_stage/forest/sub40/Weathers/Weather71.csv
276,1312,/Users/matiasvilches/Documents/F2A/papers/two_stage/forest/sub40/Weathers/Weather10.csv
277,747,/Users/matiasvilches/Documents/F2A/papers/two_stage/forest/sub40/Weathers/Weather19.csv
278,951,/Users/matiasvilches/Documents/F2A/papers/two_stage/forest/sub40/Weathers/Weather100.csv
279,979,/Users/matiasvilches/Documents/F2A/papers/two_stage/forest/sub40/Weathers/Weather60.csv
280,1385,/Users/matiasvilches/Documents/F2A/papers/two_stage/forest/sub40/Weathers/Weather36.csv
281,1340,/Users/matiasvilches/Documents/F2A/papers/two_stage/forest/sub40/Weathers/Weather60.csv
282,370,/Users/matiasvilches/Documents/F2A/papers/two_stage/forest/sub40/Weathers/Weather30.csv
283,1101,/Users/matiasvilches/Documents/F2A/papers/two_stage/forest/sub40/Weathers/Weather5.csv
284,1588,/Users/matiasvilches/Documents/F2A/papers/two_stage/forest/sub40/Weathers/Weather14.csv
285,1455,/Users/matiasvilches/Documents/F2A/papers/two_stage/forest/sub40/Weathers/Weather85.csv
286,1205,/Users/matiasvilches/Documents/F2A/papers/two_stage/forest/sub40/Weathers/Weather2.csv
287,325,/Users/matiasvilches/Documents/F2A/papers/two_stage/forest/sub40/Weathers/Weather52.csv
288,459,/Users/matiasvilches/Documents/F2A/papers/two_stage/forest/sub40/Weathers/Weather81.csv
289,1030,/Users/matiasvilches/Documents/F2A/papers/two_stage/forest/sub40/Weathers/Weather49.csv
290,1247,/Users/matiasvilches/Documents/F2A/papers/two_stage/forest/sub40/Weathers/Weather123.csv
291,1011,/Users/matiasvilches/Documents/F2A/papers/two_stage/forest/sub40/Weathers/Weather92.csv
292,1028,/Users/matiasvilches/Documents/F2A/papers/two_stage/forest/sub40/Weathers/Weather13.csv
293,1433,/Users/matiasvilches/Documents/F2A/papers/two_stage/forest/sub40/Weathers/Weather13.csv
294,721,/Users/matiasvilches/Documents/F2A/papers/two_stage/forest/sub40/Weathers/Weather30.csv
295,1016,/Users/matiasvilches/Documents/F2A/papers/two_stage/forest/sub40/Weathers/Weather5.csv
296,424,/Users/matiasvilches/Documents/F2A/papers/two_stage/forest/sub40/Weathers/Weather23.csv
297,1418,/Users/matiasvilches/Documents/F2A/papers/two_stage/forest/sub40/Weathers/Weather17.csv
298,1485,/Users/matiasvilches/Documents/F2A/papers/two_stage/forest/sub40/Weathers/Weather18.csv
299,1033,/Users/matiasvilches/Documents/F2A/papers/two_stage/forest/sub40/Weathers/Weather112.csv
300,758,/Users/matiasvilches/Documents/F2A/papers/two_stage/forest/sub40/Weathers/Weather35.csv
301,699,/Users/matiasvilches/Documents/F2A/papers/two_stage/forest/sub40/Weathers/Weather44.csv
302,379,/Users/matiasvilches/Documents/F2A/papers/two_stage/forest/sub40/Weathers/Weather24.csv
303,217,/Users/matiasvilches/Documents/F2A/papers/two_stage/forest/sub40/Weathers/Weather95.csv
304,1282,/Users/matiasvilches/Documents/F2A/papers/two_stage/forest/sub40/Weathers/Weather55.csv
305,1096,/Users/matiasvilches/Documents/F2A/papers/two_stage/forest/sub40/Weathers/Weather39.csv
306,362,/Users/matiasvilches/Documents/F2A/papers/two_stage/forest/sub40/Weathers/Weather47.csv
307,324,/Users/matiasvilches/Documents/F2A/papers/two_stage/forest/sub40/Weathers/Weather101.csv
308,1369,/Users/matiasvilches/Documents/F2A/papers/two_stage/forest/sub40/Weathers/Weather88.csv
309,360,/Users/matiasvilches/Documents/F2A/papers/two_stage/forest/sub40/Weathers/Weather48.csv
310,442,/Users/matiasvilches/Documents/F2A/papers/two_stage/forest/sub40/Weathers/Weather7.csv
311,246,/Users/matiasvilches/Documents/F2A/papers/two_stage/forest/sub40/Weathers/Weather50.csv
312,136,/Users/matiasvilches/Documents/F2A/papers/two_stage/forest/sub40/Weathers/Weather107.csv
313,298,/Users/matiasvilches/Documents/F2A/papers/two_stage/forest/sub40/Weathers/Weather50.csv
314,38,/Users/matiasvilches/Documents/F2A/papers/two_stage/forest/sub40/Weathers/Weather73.csv
315,1017,/Users/matiasvilches/Documents/F2A/papers/two_stage/forest/sub40/Weathers/Weather35.csv
316,668,/Users/matiasvilches/Documents/F2A/papers/two_stage/forest/sub40/Weathers/Weather107.csv
317,1176,/Users/matiasvilches/Documents/F2A/papers/two_stage/forest/sub40/Weathers/Weather91.csv
318,826,/Users/matiasvilches/Documents/F2A/papers/two_stage/forest/sub40/Weathers/Weather29.csv
319,204,/Users/matiasvilches/Documents/F2A/papers/two_stage/forest/sub40/Weathers/Weather110.csv
320,192,/Users/matiasvilches/Documents/F2A/papers/two_stage/forest/sub40/Weathers/Weather33.csv
321,1525,/Users/matiasvilches/Documents/F2A/papers/two_stage/forest/sub40/Weathers/Weather3.csv
322,1161,/Users/matiasvilches/Documents/F2A/papers/two_stage/forest/sub40/Weathers/Weather23.csv
323,312,/Users/matiasvilches/Documents/F2A/papers/two_stage/forest/sub40/Weathers/Weather39.csv
324,694,/Users/matiasvilches/Documents/F2A/papers/two_stage/forest/sub40/Weathers/Weather7.csv
325,1392,/Users/matiasvilches/Documents/F2A/papers/two_stage/forest/sub40/Weathers/Weather16.csv
326,94,/Users/matiasvilches/Documents/F2A/papers/two_stage/forest/sub40/Weathers/Weather84.csv
327,88,/Users/matiasvilches/Documents/F2A/papers/two_stage/forest/sub40/Weathers/Weather53.csv
328,337,/Users/matiasvilches/Documents/F2A/papers/two_stage/forest/sub40/Weathers/Weather66.csv
329,1592,/Users/matiasvilches/Documents/F2A/papers/two_stage/forest/sub40/Weathers/Weather86.csv
330,459,/Users/matiasvilches/Documents/F2A/papers/two_stage/forest/sub40/Weathers/Weather112.csv
331,1237,/Users/matiasvilches/Documents/F2A/papers/two_stage/forest/sub40/Weathers/Weather101.csv
332,911,/Users/matiasvilches/Documents/F2A/papers/two_stage/forest/sub40/Weathers/Weather122.csv
333,261,/Users/matiasvilches/Documents/F2A/papers/two_stage/forest/sub40/Weathers/Weather122.csv
334,1057,/Users/matiasvilches/Documents/F2A/papers/two_stage/forest/sub40/Weathers/Weather76.csv
335,1156,/Users/matiasvilches/Documents/F2A/papers/two_stage/forest/sub40/Weathers/Weather99.csv
336,89,/Users/matiasvilches/Documents/F2A/papers/two_stage/forest/sub40/Weathers/Weather128.csv
337,600,/Users/matiasvilches/Documents/F2A/papers/two_stage/forest/sub40/Weathers/Weather115.csv
338,954,/Users/matiasvilches/Documents/F2A/papers/two_stage/forest/sub40/Weathers/Weather6.csv
339,453,/Users/matiasvilches/Documents/F2A/papers/two_stage/forest/sub40/Weathers/Weather125.csv
340,696,/Users/matiasvilches/Documents/F2A/papers/two_stage/forest/sub40/Weathers/Weather65.csv
341,1424,/Users/matiasvilches/Documents/F2A/papers/two_stage/forest/sub40/Weathers/Weather124.csv
342,1150,/Users/matiasvilches/Documents/F2A/papers/two_stage/forest/sub40/Weathers/Weather70.csv
343,1321,/Users/matiasvilches/Documents/F2A/papers/two_stage/forest/sub40/Weathers/Weather37.csv
344,294,/Users/matiasvilches/Documents/F2A/papers/two_stage/forest/sub40/Weathers/Weather84.csv
345,397,/Users/matiasvilches/Documents/F2A/papers/two_stage/forest/sub40/Weathers/Weather124.csv
346,455,/Users/matiasvilches/Documents/F2A/papers/two_stage/forest/sub40/Weathers/Weather39.csv
347,352,/Users/matiasvilches/Documents/F2A/papers/two_stage/forest/sub40/Weathers/Weather89.csv
348,1137,/Users/matiasvilches/Documents/F2A/papers/two_stage/forest/sub40/Weathers/Weather20.csv
349,708,/Users/matiasvilches/Documents/F2A/papers/two_stage/forest/sub40/Weathers/Weather13.csv
350,476,/Users/matiasvilches/Documents/F2A/papers/two_stage/forest/sub40/Weathers/Weather111.csv
351,1339,/Users/matiasvilches/Documents/F2A/papers/two_stage/forest/sub40/Weathers/Weather85.csv
352,1583,/Users/matiasvilches/Documents/F2A/papers/two_stage/forest/sub40/Weathers/Weather12.csv
353,326,/Users/matiasvilches/Documents/F2A/papers/two_stage/forest/sub40/Weathers/Weather87.csv
354,442,/Users/matiasvilches/Documents/F2A/papers/two_stage/forest/sub40/Weathers/Weather78.csv
355,52,/Users/matiasvilches/Documents/F2A/papers/two_stage/forest/sub40/Weathers/Weather20.csv
356,1408,/Users/matiasvilches/Documents/F2A/papers/two_stage/forest/sub40/Weathers/Weather73.csv
357,804,/Users/matiasvilches/Documents/F2A/papers/two_stage/forest/sub40/Weathers/Weather30.csv
358,1365,/Users/matiasvilches/Documents/F2A/papers/two_stage/forest/sub40/Weathers/Weather71.csv
359,652,/Users/matiasvilches/Documents/F2A/papers/two_stage/forest/sub40/Weathers/Weather83.csv
360,1253,/Users/matiasvilches/Documents/F2A/papers/two_stage/forest/sub40/Weathers/Weather23.csv
361,1251,/Users/matiasvilches/Documents/F2A/papers/two_stage/forest/sub40/Weathers/Weather65.csv
362,954,/Users/matiasvilches/Documents/F2A/papers/two_stage/forest/sub40/Weathers/Weather52.csv
363,749,/Users/matiasvilches/Documents/F2A/papers/two_stage/forest/sub40/Weathers/Weather41.csv
364,1093,/Users/matiasvilches/Documents/F2A/papers/two_stage/forest/sub40/Weathers/Weather51.csv
365,1142,/Users/matiasvilches/Documents/F2A/papers/two_stage/forest/sub40/Weathers/Weather112.csv
366,1421,/Users/matiasvilches/Documents/F2A/papers/two_stage/forest/sub40/Weathers/Weather87.csv
367,350,/Users/matiasvilches/Documents/F2A/papers/two_stage/forest/sub40/Weathers/Weather65.csv
368,1437,/Users/matiasvilches/Documents/F2A/papers/two_stage/forest/sub40/Weathers/Weather38.csv
369,588,/Users/matiasvilches/Documents/F2A/papers/two_stage/forest/sub40/Weathers/Weather63.csv
370,873,/Users/matiasvilches/Documents/F2A/papers/two_stage/forest/sub40/Weathers/Weather97.csv
371,1463,/Users/matiasvilches/Documents/F2A/papers/two_stage/forest/sub40/Weathers/Weather60.csv
372,1316,/Users/matiasvilches/Documents/F2A/papers/two_stage/forest/sub40/Weathers/Weather2.csv
373,912,/Users/matiasvilches/Documents/F2A/papers/two_stage/forest/sub40/Weathers/Weather127.csv
374,862,/Users/matiasvilches/Documents/F2A/papers/two_stage/forest/sub40/Weathers/Weather20.csv
375,115,/Users/matiasvilches/Documents/F2A/papers/two_stage/forest/sub40/Weathers/Weather7.csv
376,608,/Users/matiasvilches/Documents/F2A/papers/two_stage/forest/sub40/Weathers/Weather123.csv
377,730,/Users/matiasvilches/Documents/F2A/papers/two_stage/forest/sub40/Weathers/Weather110.csv
378,1101,/Users/matiasvilches/Documents/F2A/papers/two_stage/forest/sub40/Weathers/Weather97.csv
379,80,/Users/matiasvilches/Documents/F2A/papers/two_stage/forest/sub40/Weathers/Weather33.csv
380,154,/Users/matiasvilches/Documents/F2A/papers/two_stage/forest/sub40/Weathers/Weather29.csv
381,1446,/Users/matiasvilches/Documents/F2A/papers/two_stage/forest/sub40/Weathers/Weather62.csv
382,1556,/Users/matiasvilches/Documents/F2A/papers/two_stage/forest/sub40/Weathers/Weather56.csv
383,1541,/Users/matiasvilches/Documents/F2A/papers/two_stage/forest/sub40/Weathers/Weather11.csv
384,1242,/Users/matiasvilches/Documents/F2A/papers/two_stage/forest/sub40/Weathers/Weather58.csv
385,894,/Users/matiasvilches/Documents/F2A/papers/two_stage/forest/sub40/Weathers/Weather83.csv
386,1091,/Users/matiasvilches/Documents/F2A/papers/two_stage/forest/sub40/Weathers/Weather50.csv
387,827,/Users/matiasvilches/Documents/F2A/papers/two_stage/forest/sub40/Weathers/Weather61.csv
388,250,/Users/matiasvilches/Documents/F2A/papers/two_stage/forest/sub40/Weathers/Weather43.csv
389,965,/Users/matiasvilches/Documents/F2A/papers/two_stage/forest/sub40/Weathers/Weather113.csv
390,843,/Users/matiasvilches/Documents/F2A/papers/two_stage/forest/sub40/Weathers/Weather79.csv
391,1026,/Users/matiasvilches/Documents/F2A/papers/two_stage/forest/sub40/Weathers/Weather82.csv
392,233,/Users/matiasvilches/Documents/F2A/papers/two_stage/forest/sub40/Weathers/Weather126.csv
393,930,/Users/matiasvilches/Documents/F2A/papers/two_stage/forest/sub40/Weathers/Weather66.csv
394,963,/Users/matiasvilches/Documents/F2A/papers/two_stage/forest/sub40/Weathers/Weather35.csv
395,526,/Users/matiasvilches/Documents/F2A/papers/two_stage/forest/sub40/Weathers/Weather95.csv
396,1168,/Users/matiasvilches/Documents/F2A/papers/two_stage/forest/sub40/Weathers/Weather20.csv
397,577,/Users/matiasvilches/Documents/F2A/papers/two_stage/forest/sub40/Weathers/Weather19.csv
398,525,/Users/matiasvilches/Documents/F2A/papers/two_stage/forest/sub40/Weathers/Weather109.csv
399,321,/Users/matiasvilches/Documents/F2A/papers/two_stage/forest/sub40/Weathers/Weather63.csv
400,1478,/Users/matiasvilches/Documents/F2A/papers/two_stage/forest/sub40/Weathers/Weather92.csv
401,476,/Users/matiasvilches/Documents/F2A/papers/two_stage/forest/sub40/Weathers/Weather30.csv
402,795,/Users/matiasvilches/Documents/F2A/papers/two_stage/forest/sub40/Weathers/Weather100.csv
403,421,/Users/matiasvilches/Documents/F2A/papers/two_stage/forest/sub40/Weathers/Weather84.csv
404,555,/Users/matiasvilches/Documents/F2A/papers/two_stage/forest/sub40/Weathers/Weather129.csv
405,1155,/Users/matiasvilches/Documents/F2A/papers/two_stage/forest/sub40/Weathers/Weather97.csv
406,752,/Users/matiasvilches/Documents/F2A/papers/two_stage/forest/sub40/Weathers/Weather103.csv
407,901,/Users/matiasvilches/Documents/F2A/papers/two_stage/forest/sub40/Weathers/Weather27.csv
408,153,/Users/matiasvilches/Documents/F2A/papers/two_stage/forest/sub40/Weathers/Weather7.csv
409,784,/Users/matiasvilches/Documents/F2A/papers/two_stage/forest/sub40/Weathers/Weather37.csv
410,88,/Users/matiasvilches/Documents/F2A/papers/two_stage/forest/sub40/Weathers/Weather98.csv
411,916,/Users/matiasvilches/Documents/F2A/papers/two_stage/forest/sub40/Weathers/Weather10.csv
412,1177,/Users/matiasvilches/Documents/F2A/papers/two_stage/forest/sub40/Weathers/Weather129.csv
413,842,/Users/matiasvilches/Documents/F2A/papers/two_stage/forest/sub40/Weathers/Weather113.csv
414,1067,/Users/matiasvilches/Documents/F2A/papers/two_stage/forest/sub40/Weathers/Weather9.csv
415,1386,/Users/matiasvilches/Documents/F2A/papers/two_stage/forest/sub40/Weathers/Weather94.csv
416,544,/Users/matiasvilches/Documents/F2A/papers/two_stage/forest/sub40/Weathers/Weather110.csv
417,1249,/Users/matiasvilches/Documents/F2A/papers/two_stage/forest/sub40/Weathers/Weather116.csv
418,1088,/Users/matiasvilches/Documents/F2A/papers/two_stage/forest/sub40/Weathers/Weather11.csv
419,904,/Users/matiasvilches/Documents/F2A/papers/two_stage/forest/sub40/Weathers/Weather29.csv
420,1242,/Users/matiasvilches/Documents/F2A/papers/two_stage/forest/sub40/Weathers/Weather29.csv
421,1396,/Users/matiasvilches/Documents/F2A/papers/two_stage/forest/sub40/Weathers/Weather113.csv
422,331,/Users/matiasvilches/Documents/F2A/papers/two_stage/forest/sub40/Weathers/Weather103.csv
423,95,/Users/matiasvilches/Documents/F2A/papers/two_stage/forest/sub40/Weathers/Weather106.csv
424,1372,/Users/matiasvilches/Documents/F2A/papers/two_stage/forest/sub40/Weathers/Weather13.csv
425,1523,/Users/matiasvilches/Documents/F2A/papers/two_stage/forest/sub40/Weathers/Weather17.csv
426,1409,/Users/matiasvilches/Documents/F2A/papers/two_stage/forest/sub40/Weathers/Weather60.csv
427,973,/Users/matiasvilches/Documents/F2A/papers/two_stage/forest/sub40/Weathers/Weather82.csv
428,1280,/Users/matiasvilches/Documents/F2A/papers/two_stage/forest/sub40/Weathers/Weather27.csv
429,1217,/Users/matiasvilches/Documents/F2A/papers/two_stage/forest/sub40/Weathers/Weather52.csv
430,832,/Users/matiasvilches/Documents/F2A/papers/two_stage/forest/sub40/Weathers/Weather11.csv
431,1594,/Users/matiasvilches/Documents/F2A/papers/two_stage/forest/sub40/Weathers/Weather50.csv
432,688,/Users/matiasvilches/Documents/F2A/papers/two_stage/forest/sub40/Weathers/Weather22.csv
433,128,/Users/matiasvilches/Documents/F2A/papers/two_stage/forest/sub40/Weathers/Weather33.csv
434,1188,/Users/matiasvilches/Documents/F2A/papers/two_stage/forest/sub40/Weathers/Weather100.csv
435,214,/Users/matiasvilches/Documents/F2A/papers/two_stage/forest/sub40/Weathers/Weather29.csv
436,390,/Users/matiasvilches/Documents/F2A/papers/two_stage/forest/sub40/Weathers/Weather56.csv
437,494,/Users/matiasvilches/Documents/F2A/papers/two_stage/forest/sub40/Weathers/Weather44.csv
438,467,/Users/matiasvilches/Documents/F2A/papers/two_stage/forest/sub40/Weathers/Weather58.csv
439,133,/Users/matiasvilches/Documents/F2A/papers/two_stage/forest/sub40/Weathers/Weather87.csv
440,179,/Users/matiasvilches/Documents/F2A/papers/two_stage/forest/sub40/Weathers/Weather33.csv
441,295,/Users/matiasvilches/Documents/F2A/papers/two_stage/forest/sub40/Weathers/Weather105.csv
442,701,/Users/matiasvilches/Documents/F2A/papers/two_stage/forest/sub40/Weathers/Weather42.csv
443,650,/Users/matiasvilches/Documents/F2A/papers/two_stage/forest/sub40/Weathers/Weather87.csv
444,736,/Users/matiasvilches/Documents/F2A/papers/two_stage/forest/sub40/Weathers/Weather23.csv
445,80,/Users/matiasvilches/Documents/F2A/papers/two_stage/forest/sub40/Weathers/Weather124.csv
446,1381,/Users/matiasvilches/Documents/F2A/papers/two_stage/forest/sub40/Weathers/Weather79.csv
447,431,/Users/matiasvilches/Documents/F2A/papers/two_stage/forest/sub40/Weathers/Weather89.csv
448,1544,/Users/matiasvilches/Documents/F2A/papers/two_stage/forest/sub40/Weathers/Weather68.csv
449,1192,/Users/matiasvilches/Documents/F2A/papers/two_stage/forest/sub40/Weathers/Weather21.csv
450,1229,/Users/matiasvilches/Documents/F2A/papers/two_stage/forest/sub40/Weathers/Weather78.csv
451,531,/Users/matiasvilches/Documents/F2A/papers/two_stage/forest/sub40/Weathers/Weather88.csv
452,1527,/Users/matiasvilches/Documents/F2A/papers/two_stage/forest/sub40/Weathers/Weather12.csv
453,1168,/Users/matiasvilches/Documents/F2A/papers/two_stage/forest/sub40/Weathers/Weather1.csv
454,741,/Users/matiasvilches/Documents/F2A/papers/two_stage/forest/sub40/Weathers/Weather106.csv
455,490,/Users/matiasvilches/Documents/F2A/papers/two_stage/forest/sub40/Weathers/Weather104.csv
456,807,/Users/matiasvilches/Documents/F2A/papers/two_stage/forest/sub40/Weathers/Weather82.csv
457,520,/Users/matiasvilches/Documents/F2A/papers/two_stage/forest/sub40/Weathers/Weather9.csv
458,451,/Users/matiasvilches/Documents/F2A/papers/two_stage/forest/sub40/Weathers/Weather85.csv
459,955,/Users/matiasvilches/Documents/F2A/papers/two_stage/forest/sub40/Weathers/Weather46.csv
460,545,/Users/matiasvilches/Documents/F2A/papers/two_stage/forest/sub40/Weathers/Weather113.csv
461,486,/Users/matiasvilches/Documents/F2A/papers/two_stage/forest/sub40/Weathers/Weather25.csv
462,1322,/Users/matiasvilches/Documents/F2A/papers/two_stage/forest/sub40/Weathers/Weather101.csv
463,1553,/Users/matiasvilches/Documents/F2A/papers/two_stage/forest/sub40/Weathers/Weather65.csv
464,179,/Users/matiasvilches/Documents/F2A/papers/two_stage/forest/sub40/Weathers/Weather44.csv
465,376,/Users/matiasvilches/Documents/F2A/papers/two_stage/forest/sub40/Weathers/Weather78.csv
466,1124,/Users/matiasvilches/Documents/F2A/papers/two_stage/forest/sub40/Weathers/Weather1.csv
467,312,/Users/matiasvilches/Documents/F2A/papers/two_stage/forest/sub40/Weathers/Weather35.csv
468,1413,/Users/matiasvilches/Documents/F2A/papers/two_stage/forest/sub40/Weathers/Weather124.csv
469,1295,/Users/matiasvilches/Documents/F2A/papers/two_stage/forest/sub40/Weathers/Weather100.csv
470,912,/Users/matiasvilches/Documents/F2A/papers/two_stage/forest/sub40/Weathers/Weather105.csv
471,39,/Users/matiasvilches/Documents/F2A/papers/two_stage/forest/sub40/Weathers/Weather42.csv
472,1088,/Users/matiasvilches/Documents/F2A/papers/two_stage/forest/sub40/Weathers/Weather5.csv
473,910,/Users/matiasvilches/Documents/F2A/papers/two_stage/forest/sub40/Weathers/Weather108.csv
474,287,/Users/matiasvilches/Documents/F2A/papers/two_stage/forest/sub40/Weathers/Weather105.csv
475,1074,/Users/matiasvilches/Documents/F2A/papers/two_stage/forest/sub40/Weathers/Weather90.csv
476,245,/Users/matiasvilches/Documents/F2A/papers/two_stage/forest/sub40/Weathers/Weather55.csv
477,772,/Users/matiasvilches/Documents/F2A/papers/two_stage/forest/sub40/Weathers/Weather95.csv
478,738,/Users/matiasvilches/Documents/F2A/papers/two_stage/forest/sub40/Weathers/Weather41.csv
479,1281,/Users/matiasvilches/Documents/F2A/papers/two_stage/forest/sub40/Weathers/Weather32.csv
480,199,/Users/matiasvilches/Documents/F2A/papers/two_stage/forest/sub40/Weathers/Weather13.csv
481,1094,/Users/matiasvilches/Documents/F2A/papers/two_stage/forest/sub40/Weathers/Weather78.csv
482,824,/Users/matiasvilches/Documents/F2A/papers/two_stage/forest/sub40/Weathers/Weather22.csv
483,187,/Users/matiasvilches/Documents/F2A/papers/two_stage/forest/sub40/Weathers/Weather57.csv
484,665,/Users/matiasvilches/Documents/F2A/papers/two_stage/forest/sub40/Weathers/Weather102.csv
485,1161,/Users/matiasvilches/Documents/F2A/papers/two_stage/forest/sub40/Weathers/Weather12.csv
486,908,/Users/matiasvilches/Documents/F2A/papers/two_stage/forest/sub40/Weathers/Weather49.csv
487,728,/Users/matiasvilches/Documents/F2A/papers/two_stage/forest/sub40/Weathers/Weather83.csv
488,505,/Users/matiasvilches/Documents/F2A/papers/two_stage/forest/sub40/Weathers/Weather83.csv
489,1001,/Users/matiasvilches/Documents/F2A/papers/two_stage/forest/sub40/Weathers/Weather21.csv
490,1201,/Users/matiasvilches/Documents/F2A/papers/two_stage/forest/sub40/Weathers/Weather4.csv
491,534,/Users/matiasvilches/Documents/F2A/papers/two_stage/forest/sub40/Weathers/Weather69.csv
492,713,/Users/matiasvilches/Documents/F2A/papers/two_stage/forest/sub40/Weathers/Weather67.csv
493,544,/Users/matiasvilches/Documents/F2A/papers/two_stage/forest/sub40/Weathers/Weather6.csv
494,1103,/Users/matiasvilches/Documents/F2A/papers/two_stage/forest/sub40/Weathers/Weather73.csv
495,1350,/Users/matiasvilches/Documents/F2A/papers/two_stage/forest/sub40/Weathers/Weather124.csv
496,1114,/Users/matiasvilches/Documents/F2A/papers/two_stage/forest/sub40/Weathers/Weather63.csv
497,913,/Users/matiasvilches/Documents/F2A/papers/two_stage/forest/sub40/Weathers/Weather78.csv
498,1352,/Users/matiasvilches/Documents/F2A/papers/two_stage/forest/sub40/Weathers/Weather81.csv
499,977,/Users/matiasvilches/Documents/F2A/papers/two_stage/forest/sub40/Weathers/Weather126.csv
500,658,/Users/matiasvilches/Documents/F2A/papers/two_stage/forest/sub40/Weathers/Weather22.csv
501,1542,/Users/matiasvilches/Documents/F2A/papers/two_stage/forest/sub40/Weathers/Weather71.csv
502,783,/Users/matiasvilches/Documents/F2A/papers/two_stage/forest/sub40/Weathers/Weather115.csv
503,819,/Users/matiasvilches/Documents/F2A/papers/two_stage/forest/sub40/Weathers/Weather76.csv
504,676,/Users/matiasvilches/Documents/F2A/papers/two_stage/forest/sub40/Weathers/Weather82.csv
505,1353,/Users/matiasvilches/Documents/F2A/papers/two_stage/forest/sub40/Weathers/Weather67.csv
506,279,/Users/matiasvilches/Documents/F2A/papers/two_stage/forest/sub40/Weathers/Weather72.csv
507,198,/Users/matiasvilches/Documents/F2A/papers/two_stage/forest/sub40/Weathers/Weather129.csv
508,676,/Users/matiasvilches/Documents/F2A/papers/two_stage/forest/sub40/Weathers/Weather18.csv
509,1169,/Users/matiasvilches/Documents/F2A/papers/two_stage/forest/sub40/Weathers/Weather78.csv
510,262,/Users/matiasvilches/Documents/F2A/papers/two_stage/forest/sub40/Weathers/Weather66.csv
511,1559,/Users/matiasvilches/Documents/F2A/papers/two_stage/forest/sub40/Weathers/Weather8.csv
512,655,/Users/matiasvilches/Documents/F2A/papers/two_stage/forest/sub40/Weathers/Weather18.csv
513,1229,/Users/matiasvilches/Documents/F2A/papers/two_stage/forest/sub40/Weathers/Weather116.csv
514,1234,/Users/matiasvilches/Documents/F2A/papers/two_stage/forest/sub40/Weathers/Weather123.csv
515,825,/Users/matiasvilches/Documents/F2A/papers/two_stage/forest/sub40/Weathers/Weather33.csv
516,326,/Users/matiasvilches/Documents/F2A/papers/two_stage/forest/sub40/Weathers/Weather11.csv
517,1519,/Users/matiasvilches/Documents/F2A/papers/two_stage/forest/sub40/Weathers/Weather83.csv
518,822,/Users/matiasvilches/Documents/F2A/papers/two_stage/forest/sub40/Weathers/Weather71.csv
519,238,/Users/matiasvilches/Documents/F2A/papers/two_stage/forest/sub40/Weathers/Weather61.csv
520,1323,/Users/matiasvilches/Documents/F2A/papers/two_stage/forest/sub40/Weathers/Weather73.csv
521,686,/Users/matiasvilches/Documents/F2A/papers/two_stage/forest/sub40/Weathers/Weather91.csv
522,362,/Users/matiasvilches/Documents/F2A/papers/two_stage/forest/sub40/Weathers/Weather30.csv
523,1417,/Users/matiasvilches/Documents/F2A/papers/two_stage/forest/sub40/Weathers/Weather48.csv
524,444,/Users/matiasvilches/Documents/F2A/papers/two_stage/forest/sub40/Weathers/Weather31.csv
525,279,/Users/matiasvilches/Documents/F2A/papers/two_stage/forest/sub40/Weathers/Weather6.csv
526,331,/Users/matiasvilches/Documents/F2A/papers/two_stage/forest/sub40/Weathers/Weather122.csv
527,1100,/Users/matiasvilches/Documents/F2A/papers/two_stage/forest/sub40/Weathers/Weather81.csv
528,1459,/Users/matiasvilches/Documents/F2A/papers/two_stage/forest/sub40/Weathers/Weather62.csv
529,368,/Users/matiasvilches/Documents/F2A/papers/two_stage/forest/sub40/Weathers/Weather96.csv
530,775,/Users/matiasvilches/Documents/F2A/papers/two_stage/forest/sub40/Weathers/Weather6.csv
531,1121,/Users/matiasvilches/Documents/F2A/papers/two_stage/forest/sub40/Weathers/Weather123.csv
532,685,/Users/matiasvilches/Documents/F2A/papers/two_stage/forest/sub40/Weathers/Weather81.csv
533,1038,/Users/matiasvilches/Documents/F2A/papers/two_stage/forest/sub40/Weathers/Weather111.csv
534,413,/Users/matiasvilches/Documents/F2A/papers/two_stage/forest/sub40/Weathers/Weather42.csv
535,444,/Users/matiasvilches/Documents/F2A/papers/two_stage/forest/sub40/Weathers/Weather54.csv
536,290,/Users/matiasvilches/Documents/F2A/papers/two_stage/forest/sub40/Weathers/Weather123.csv
537,1321,/Users/matiasvilches/Documents/F2A/papers/two_stage/forest/sub40/Weathers/Weather113.csv
538,1393,/Users/matiasvilches/Documents/F2A/papers/two_stage/forest/sub40/Weathers/Weather3.csv
539,489,/Users/matiasvilches/Documents/F2A/papers/two_stage/forest/sub40/Weathers/Weather43.csv
540,478,/Users/matiasvilches/Documents/F2A/papers/two_stage/forest/sub40/Weathers/Weather75.csv
541,1578,/Users/matiasvilches/Documents/F2A/papers/two_stage/forest/sub40/Weathers/Weather81.csv
542,1210,/Users/matiasvilches/Documents/F2A/papers/two_stage/forest/sub40/Weathers/Weather110.csv
543,1076,/Users/matiasvilches/Documents/F2A/papers/two_stage/forest/sub40/Weathers/Weather43.csv
544,369,/Users/matiasvilches/Documents/F2A/papers/two_stage/forest/sub40/Weathers/Weather22.csv
545,175,/Users/matiasvilches/Documents/F2A/papers/two_stage/forest/sub40/Weathers/Weather78.csv
546,1267,/Users/matiasvilches/Documents/F2A/papers/two_stage/forest/sub40/Weathers/Weather99.csv
547,1350,/Users/matiasvilches/Documents/F2A/papers/two_stage/forest/sub40/Weathers/Weather128.csv
548,398,/Users/matiasvilches/Documents/F2A/papers/two_stage/forest/sub40/Weathers/Weather72.csv
549,731,/Users/matiasvilches/Documents/F2A/papers/two_stage/forest/sub40/Weathers/Weather39.csv
550,1068,/Users/matiasvilches/Documents/F2A/papers/two_stage/forest/sub40/Weathers/Weather41.csv
551,1481,/Users/matiasvilches/Documents/F2A/papers/two_stage/forest/sub40/Weathers/Weather9.csv
552,1125,/Users/matiasvilches/Documents/F2A/papers/two_stage/forest/sub40/Weathers/Weather4.csv
553,700,/Users/matiasvilches/Documents/F2A/papers/two_stage/forest/sub40/Weathers/Weather8.csv
554,321,/Users/matiasvilches/Documents/F2A/papers/two_stage/forest/sub40/Weathers/Weather27.csv
555,51,/Users/matiasvilches/Documents/F2A/papers/two_stage/forest/sub40/Weathers/Weather120.csv
556,452,/Users/matiasvilches/Documents/F2A/papers/two_stage/forest/sub40/Weathers/Weather49.csv
557,1512,/Users/matiasvilches/Documents/F2A/papers/two_stage/forest/sub40/Weathers/Weather47.csv
558,1429,/Users/matiasvilches/Documents/F2A/papers/two_stage/forest/sub40/Weathers/Weather19.csv
559,1380,/Users/matiasvilches/Documents/F2A/papers/two_stage/forest/sub40/Weathers/Weather25.csv
560,1087,/Users/matiasvilches/Documents/F2A/papers/two_stage/forest/sub40/Weathers/Weather59.csv
561,355,/Users/matiasvilches/Documents/F2A/papers/two_stage/forest/sub40/Weathers/Weather105.csv
562,19,/Users/matiasvilches/Documents/F2A/papers/two_stage/forest/sub40/Weathers/Weather60.csv
563,797,/Users/matiasvilches/Documents/F2A/papers/two_stage/forest/sub40/Weathers/Weather46.csv
564,1016,/Users/matiasvilches/Documents/F2A/papers/two_stage/forest/sub40/Weathers/Weather86.csv
565,768,/Users/matiasvilches/Documents/F2A/papers/two_stage/forest/sub40/Weathers/Weather89.csv
566,953,/Users/matiasvilches/Documents/F2A/papers/two_stage/forest/sub40/Weathers/Weather43.csv
567,1168,/Users/matiasvilches/Documents/F2A/papers/two_stage/forest/sub40/Weathers/Weather65.csv
568,1383,/Users/matiasvilches/Documents/F2A/papers/two_stage/forest/sub40/Weathers/Weather53.csv
569,963,/Users/matiasvilches/Documents/F2A/papers/two_stage/forest/sub40/Weathers/Weather73.csv
570,495,/Users/matiasvilches/Documents/F2A/papers/two_stage/forest/sub40/Weathers/Weather52.csv
571,20,/Users/matiasvilches/Documents/F2A/papers/two_stage/forest/sub40/Weathers/Weather18.csv
572,656,/Users/matiasvilches/Documents/F2A/papers/two_stage/forest/sub40/Weathers/Weather88.csv
573,1442,/Users/matiasvilches/Documents/F2A/papers/two_stage/forest/sub40/Weathers/Weather24.csv
574,691,/Users/matiasvilches/Documents/F2A/papers/two_stage/forest/sub40/Weathers/Weather22.csv
575,244,/Users/matiasvilches/Documents/F2A/papers/two_stage/forest/sub40/Weathers/Weather21.csv
576,78,/Users/matiasvilches/Documents/F2A/papers/two_stage/forest/sub40/Weathers/Weather92.csv
577,506,/Users/matiasvilches/Documents/F2A/papers/two_stage/forest/sub40/Weathers/Weather92.csv
578,395,/Users/matiasvilches/Documents/F2A/papers/two_stage/forest/sub40/Weathers/Weather88.csv
579,177,/Users/matiasvilches/Documents/F2A/papers/two_stage/forest/sub40/Weathers/Weather5.csv
580,1382,/Users/matiasvilches/Documents/F2A/papers/two_stage/forest/sub40/Weathers/Weather67.csv
581,595,/Users/matiasvilches/Documents/F2A/papers/two_stage/forest/sub40/Weathers/Weather126.csv
582,1140,/Users/matiasvilches/Documents/F2A/papers/two_stage/forest/sub40/Weathers/Weather80.csv
583,1103,/Users/matiasvilches/Documents/F2A/papers/two_stage/forest/sub40/Weathers/Weather29.csv
584,560,/Users/matiasvilches/Documents/F2A/papers/two_stage/forest/sub40/Weathers/Weather69.csv
585,504,/Users/matiasvilches/Documents/F2A/papers/two_stage/forest/sub40/Weathers/Weather90.csv
586,1251,/Users/matiasvilches/Documents/F2A/papers/two_stage/forest/sub40/Weathers/Weather124.csv
587,1083,/Users/matiasvilches/Documents/F2A/papers/two_stage/forest/sub40/Weathers/Weather56.csv
588,560,/Users/matiasvilches/Documents/F2A/papers/two_stage/forest/sub40/Weathers/Weather27.csv
589,1118,/Users/matiasvilches/Documents/F2A/papers/two_stage/forest/sub40/Weathers/Weather129.csv
590,544,/Users/matiasvilches/Documents/F2A/papers/two_stage/forest/sub40/Weathers/Weather94.csv
591,1428,/Users/matiasvilches/Documents/F2A/papers/two_stage/forest/sub40/Weathers/Weather52.csv
592,672,/Users/matiasvilches/Documents/F2A/papers/two_stage/forest/sub40/Weathers/Weather103.csv
593,1243,/Users/matiasvilches/Documents/F2A/papers/two_stage/forest/sub40/Weathers/Weather100.csv
594,888,/Users/matiasvilches/Documents/F2A/papers/two_stage/forest/sub40/Weathers/Weather123.csv
595,697,/Users/matiasvilches/Documents/F2A/papers/two_stage/forest/sub40/Weathers/Weather124.csv
596,824,/Users/matiasvilches/Documents/F2A/papers/two_stage/forest/sub40/Weathers/Weather14.csv
597,449,/Users/matiasvilches/Documents/F2A/papers/two_stage/forest/sub40/Weathers/Weather63.csv
598,769,/Users/matiasvilches/Documents/F2A/papers/two_stage/forest/sub40/Weathers/Weather101.csv
599,1422,/Users/matiasvilches/Documents/F2A/papers/two_stage/forest/sub40/Weathers/Weather9.csv
600,940,/Users/matiasvilches/Documents/F2A/papers/two_stage/forest/sub40/Weathers/Weather47.csv
601,371,/Users/matiasvilches/Documents/F2A/papers/two_stage/forest/sub40/Weathers/Weather47.csv
602,899,/Users/matiasvilches/Documents/F2A/papers/two_stage/forest/sub40/Weathers/Weather84.csv
603,762,/Users/matiasvilches/Documents/F2A/papers/two_stage/forest/sub40/Weathers/Weather33.csv
604,808,/Users/matiasvilches/Documents/F2A/papers/two_stage/forest/sub40/Weathers/Weather76.csv
605,201,/Users/matiasvilches/Documents/F2A/papers/two_stage/forest/sub40/Weathers/Weather68.csv
606,116,/Users/matiasvilches/Documents/F2A/papers/two_stage/forest/sub40/Weathers/Weather35.csv
607,1061,/Users/matiasvilches/Documents/F2A/papers/two_stage/forest/sub40/Weathers/Weather25.csv
608,358,/Users/matiasvilches/Documents/F2A/papers/two_stage/forest/sub40/Weathers/Weather83.csv
609,1389,/Users/matiasvilches/Documents/F2A/papers/two_stage/forest/sub40/Weathers/Weather8.csv
610,464,/Users/matiasvilches/Documents/F2A/papers/two_stage/forest/sub40/Weathers/Weather112.csv
611,1545,/Users/matiasvilches/Documents/F2A/papers/two_stage/forest/sub40/Weathers/Weather6.csv
612,159,/Users/matiasvilches/Documents/F2A/papers/two_stage/forest/sub40/Weathers/Weather57.csv
613,1348,/Users/matiasvilches/Documents/F2A/papers/two_stage/forest/sub40/Weathers/Weather15.csv
614,1475,/Users/matiasvilches/Documents/F2A/papers/two_stage/forest/sub40/Weathers/Weather102.csv
615,701,/Users/matiasvilches/Documents/F2A/papers/two_stage/forest/sub40/Weathers/Weather31.csv
616,1025,/Users/matiasvilches/Documents/F2A/papers/two_stage/forest/sub40/Weathers/Weather65.csv
617,566,/Users/matiasvilches/Documents/F2A/papers/two_stage/forest/sub40/Weathers/Weather80.csv
618,272,/Users/matiasvilches/Documents/F2A/papers/two_stage/forest/sub40/Weathers/Weather114.csv
619,1042,/Users/matiasvilches/Documents/F2A/papers/two_stage/forest/sub40/Weathers/Weather81.csv
620,810,/Users/matiasvilches/Documents/F2A/papers/two_stage/forest/sub40/Weathers/Weather42.csv
621,1531,/Users/matiasvilches/Documents/F2A/papers/two_stage/forest/sub40/Weathers/Weather29.csv
622,804,/Users/matiasvilches/Documents/F2A/papers/two_stage/forest/sub40/Weathers/Weather101.csv
623,1176,/Users/matiasvilches/Documents/F2A/papers/two_stage/forest/sub40/Weathers/Weather4.csv
624,543,/Users/matiasvilches/Documents/F2A/papers/two_stage/forest/sub40/Weathers/Weather100.csv
625,1527,/Users/matiasvilches/Documents/F2A/papers/two_stage/forest/sub40/Weathers/Weather54.csv
626,1542,/Users/matiasvilches/Documents/F2A/papers/two_stage/forest/sub40/Weathers/Weather16.csv
627,476,/Users/matiasvilches/Documents/F2A/papers/two_stage/forest/sub40/Weathers/Weather106.csv
628,172,/Users/matiasvilches/Documents/F2A/papers/two_stage/forest/sub40/Weathers/Weather105.csv
629,860,/Users/matiasvilches/Documents/F2A/papers/two_stage/forest/sub40/Weathers/Weather103.csv
630,824,/Users/matiasvilches/Documents/F2A/papers/two_stage/forest/sub40/Weathers/Weather127.csv
631,1531,/Users/matiasvilches/Documents/F2A/papers/two_stage/forest/sub40/Weathers/Weather14.csv
632,1477,/Users/matiasvilches/Documents/F2A/papers/two_stage/forest/sub40/Weathers/Weather5.csv
633,740,/Users/matiasvilches/Documents/F2A/papers/two_stage/forest/sub40/Weathers/Weather52.csv
634,756,/Users/matiasvilches/Documents/F2A/papers/two_stage/forest/sub40/Weathers/Weather37.csv
635,683,/Users/matiasvilches/Documents/F2A/papers/two_stage/forest/sub40/Weathers/Weather98.csv
636,1033,/Users/matiasvilches/Documents/F2A/papers/two_stage/forest/sub40/Weathers/Weather63.csv
637,938,/Users/matiasvilches/Documents/F2A/papers/two_stage/forest/sub40/Weathers/Weather40.csv
638,1299,/Users/matiasvilches/Documents/F2A/papers/two_stage/forest/sub40/Weathers/Weather37.csv
639,1499,/Users/matiasvilches/Documents/F2A/papers/two_stage/forest/sub40/Weathers/Weather95.csv
640,997,/Users/matiasvilches/Documents/F2A/papers/two_stage/forest/sub40/Weathers/Weather34.csv
641,445,/Users/matiasvilches/Documents/F2A/papers/two_stage/forest/sub40/Weathers/Weather42.csv
642,281,/Users/matiasvilches/Documents/F2A/papers/two_stage/forest/sub40/Weathers/Weather87.csv
643,222,/Users/matiasvilches/Documents/F2A/papers/two_stage/forest/sub40/Weathers/Weather45.csv
644,1214,/Users/matiasvilches/Documents/F2A/papers/two_stage/forest/sub40/Weathers/Weather95.csv
645,469,/Users/matiasvilches/Documents/F2A/papers/two_stage/forest/sub40/Weathers/Weather94.csv
646,561,/Users/matiasvilches/Documents/F2A/papers/two_stage/forest/sub40/Weathers/Weather29.csv
647,1051,/Users/matiasvilches/Documents/F2A/papers/two_stage/forest/sub40/Weathers/Weather28.csv
648,1091,/Users/matiasvilches/Documents/F2A/papers/two_stage/forest/sub40/Weathers/Weather14.csv
649,1021,/Users/matiasvilches/Documents/F2A/papers/two_stage/forest/sub40/Weathers/Weather94.csv
650,938,/Users/matiasvilches/Documents/F2A/papers/two_stage/forest/sub40/Weathers/Weather83.csv
651,1234,/Users/matiasvilches/Documents/F2A/papers/two_stage/forest/sub40/Weathers/Weather29.csv
652,595,/Users/matiasvilches/Documents/F2A/papers/two_stage/forest/sub40/Weathers/Weather46.csv
653,246,/Users/matiasvilches/Documents/F2A/papers/two_stage/forest/sub40/Weathers/Weather29.csv
654,771,/Users/matiasvilches/Documents/F2A/papers/two_stage/forest/sub40/Weathers/Weather40.csv
655,1044,/Users/matiasvilches/Documents/F2A/papers/two_stage/forest/sub40/Weathers/Weather119.csv
656,1519,/Users/matiasvilches/Documents/F2A/papers/two_stage/forest/sub40/Weathers/Weather6.csv
657,1173,/Users/matiasvilches/Documents/F2A/papers/two_stage/forest/sub40/Weathers/Weather12.csv
658,1401,/Users/matiasvilches/Documents/F2A/papers/two_stage/forest/sub40/Weathers/Weather53.csv
659,35,/Users/matiasvilches/Documents/F2A/papers/two_stage/forest/sub40/Weathers/Weather7.csv
660,879,/Users/matiasvilches/Documents/F2A/papers/two_stage/forest/sub40/Weathers/Weather117.csv
661,610,/Users/matiasvilches/Documents/F2A/papers/two_stage/forest/sub40/Weathers/Weather42.csv
662,1092,/Users/matiasvilches/Documents/F2A/papers/two_stage/forest/sub40/Weathers/Weather47.csv
663,523,/Users/matiasvilches/Documents/F2A/papers/two_stage/forest/sub40/Weathers/Weather96.csv
664,1599,/Users/matiasvilches/Documents/F2A/papers/two_stage/forest/sub40/Weathers/Weather129.csv
665,485,/Users/matiasvilches/Documents/F2A/papers/two_stage/forest/sub40/Weathers/Weather74.csv
666,1244,/Users/matiasvilches/Documents/F2A/papers/two_stage/forest/sub40/Weathers/Weather86.csv
667,1208,/Users/matiasvilches/Documents/F2A/papers/two_stage/forest/sub40/Weathers/Weather101.csv
668,628,/Users/matiasvilches/Documents/F2A/papers/two_stage/forest/sub40/Weathers/Weather71.csv
669,1315,/Users/matiasvilches/Documents/F2A/papers/two_stage/forest/sub40/Weathers/Weather4.csv
670,1113,/Users/matiasvilches/Documents/F2A/papers/two_stage/forest/sub40/Weathers/Weather71.csv
671,171,/Users/matiasvilches/Documents/F2A/papers/two_stage/forest/sub40/Weathers/Weather129.csv
672,610,/Users/matiasvilches/Documents/F2A/papers/two_stage/forest/sub40/Weathers/Weather84.csv
673,786,/Users/matiasvilches/Documents/F2A/papers/two_stage/forest/sub40/Weathers/Weather23.csv
674,1436,/Users/matiasvilches/Documents/F2A/papers/two_stage/forest/sub40/Weathers/Weather87.csv
675,436,/Users/matiasvilches/Documents/F2A/papers/two_stage/forest/sub40/Weathers/Weather113.csv
676,1033,/Users/matiasvilches/Documents/F2A/papers/two_stage/forest/sub40/Weathers/Weather10.csv
677,913,/Users/matiasvilches/Documents/F2A/papers/two_stage/forest/sub40/Weathers/Weather74.csv
678,869,/Users/matiasvilches/Documents/F2A/papers/two_stage/forest/sub40/Weathers/Weather70.csv
679,503,/Users/matiasvilches/Documents/F2A/papers/two_stage/forest/sub40/Weathers/Weather66.csv
680,1003,/Users/matiasvilches/Documents/F2A/papers/two_stage/forest/sub40/Weathers/Weather2.csv
681,557,/Users/matiasvilches/Documents/F2A/papers/two_stage/forest/sub40/Weathers/Weather50.csv
682,131,/Users/matiasvilches/Documents/F2A/papers/two_stage/forest/sub40/Weathers/Weather14.csv
683,1271,/Users/matiasvilches/Documents/F2A/papers/two_stage/forest/sub40/Weathers/Weather94.csv
684,91,/Users/matiasvilches/Documents/F2A/papers/two_stage/forest/sub40/Weathers/Weather23.csv
685,1532,/Users/matiasvilches/Documents/F2A/papers/two_stage/forest/sub40/Weathers/Weather1.csv
686,1063,/Users/matiasvilches/Documents/F2A/papers/two_stage/forest/sub40/Weathers/Weather27.csv
687,764,/Users/matiasvilches/Documents/F2A/papers/two_stage/forest/sub40/Weathers/Weather30.csv
688,1332,/Users/matiasvilches/Documents/F2A/papers/two_stage/forest/sub40/Weathers/Weather113.csv
689,83,/Users/matiasvilches/Documents/F2A/papers/two_stage/forest/sub40/Weathers/Weather15.csv
690,420,/Users/matiasvilches/Documents/F2A/papers/two_stage/forest/sub40/Weathers/Weather91.csv
691,1140,/Users/matiasvilches/Documents/F2A/papers/two_stage/forest/sub40/Weathers/Weather82.csv
692,1389,/Users/matiasvilches/Documents/F2A/papers/two_stage/forest/sub40/Weathers/Weather117.csv
693,553,/Users/matiasvilches/Documents/F2A/papers/two_stage/forest/sub40/Weathers/Weather17.csv
694,312,/Users/matiasvilches/Documents/F2A/papers/two_stage/forest/sub40/Weathers/Weather101.csv
695,1060,/Users/matiasvilches/Documents/F2A/papers/two_stage/forest/sub40/Weathers/Weather86.csv
696,1023,/Users/matiasvilches/Documents/F2A/papers/two_stage/forest/sub40/Weathers/Weather59.csv
697,815,/Users/matiasvilches/Documents/F2A/papers/two_stage/forest/sub40/Weathers/Weather86.csv
698,1455,/Users/matiasvilches/Documents/F2A/papers/two_stage/forest/sub40/Weathers/Weather18.csv
699,1130,/Users/matiasvilches/Documents/F2A/papers/two_stage/forest/sub40/Weathers/Weather79.csv
700,378,/Users/matiasvilches/Documents/F2A/papers/two_stage/forest/sub40/Weathers/Weather87.csv
701,120,/Users/matiasvilches/Documents/F2A/papers/two_stage/forest/sub40/Weathers/Weather55.csv
702,504,/Users/matiasvilches/Documents/F2A/papers/two_stage/forest/sub40/Weathers/Weather117.csv
703,175,/Users/matiasvilches/Documents/F2A/papers/two_stage/forest/sub40/Weathers/Weather54.csv
704,256,/Users/matiasvilches/Documents/F2A/papers/two_stage/forest/sub40/Weathers/Weather14.csv
705,897,/Users/matiasvilches/Documents/F2A/papers/two_stage/forest/sub40/Weathers/Weather120.csv
706,1285,/Users/matiasvilches/Documents/F2A/papers/two_stage/forest/sub40/Weathers/Weather124.csv
707,1429,/Users/matiasvilches/Documents/F2A/papers/two_stage/forest/sub40/Weathers/Weather88.csv
708,120,/Users/matiasvilches/Documents/F2A/papers/two_stage/forest/sub40/Weathers/Weather76.csv
709,46,/Users/matiasvilches/Documents/F2A/papers/two_stage/forest/sub40/Weathers/Weather100.csv
710,1163,/Users/matiasvilches/Documents/F2A/papers/two_stage/forest/sub40/Weathers/Weather57.csv
711,1445,/Users/matiasvilches/Documents/F2A/papers/two_stage/forest/sub40/Weathers/Weather87.csv
712,582,/Users/matiasvilches/Documents/F2A/papers/two_stage/forest/sub40/Weathers/Weather43.csv
713,463,/Users/matiasvilches/Documents/F2A/papers/two_stage/forest/sub40/Weathers/Weather26.csv
714,970,/Users/matiasvilches/Documents/F2A/papers/two_stage/forest/sub40/Weathers/Weather104.csv
715,813,/Users/matiasvilches/Documents/F2A/papers/two_stage/forest/sub40/Weathers/Weather41.csv
716,1154,/Users/matiasvilches/Documents/F2A/papers/two_stage/forest/sub40/Weathers/Weather86.csv
717,336,/Users/matiasvilches/Documents/F2A/papers/two_stage/forest/sub40/Weathers/Weather35.csv
718,554,/Users/matiasvilches/Documents/F2A/papers/two_stage/forest/sub40/Weathers/Weather119.csv
719,1266,/Users/matiasvilches/Documents/F2A/papers/two_stage/forest/sub40/Weathers/Weather67.csv
720,1036,/Users/matiasvilches/Documents/F2A/papers/two_stage/forest/sub40/Weathers/Weather89.csv
721,1494,/Users/matiasvilches/Documents/F2A/papers/two_stage/forest/sub40/Weathers/Weather67.csv
722,1442,/Users/matiasvilches/Documents/F2A/papers/two_stage/forest/sub40/Weathers/Weather30.csv
723,1476,/Users/matiasvilches/Documents/F2A/papers/two_stage/forest/sub40/Weathers/Weather38.csv
724,131,/Users/matiasvilches/Documents/F2A/papers/two_stage/forest/sub40/Weathers/Weather23.csv
725,1377,/Users/matiasvilches/Documents/F2A/papers/two_stage/forest/sub40/Weathers/Weather19.csv
726,116,/Users/matiasvilches/Documents/F2A/papers/two_stage/forest/sub40/Weathers/Weather43.csv
727,1313,/Users/matiasvilches/Documents/F2A/papers/two_stage/forest/sub40/Weathers/Weather10.csv
728,406,/Users/matiasvilches/Documents/F2A/papers/two_stage/forest/sub40/Weathers/Weather68.csv
729,430,/Users/matiasvilches/Documents/F2A/papers/two_stage/forest/sub40/Weathers/Weather56.csv
730,910,/Users/matiasvilches/Documents/F2A/papers/two_stage/forest/sub40/Weathers/Weather7.csv
731,1577,/Users/matiasvilches/Documents/F2A/papers/two_stage/forest/sub40/Weathers/Weather78.csv
732,42,/Users/matiasvilches/Documents/F2A/papers/two_stage/forest/sub40/Weathers/Weather110.csv
733,1417,/Users/matiasvilches/Documents/F2A/papers/two_stage/forest/sub40/Weathers/Weather108.csv
734,1068,/Users/matiasvilches/Documents/F2A/papers/two_stage/forest/sub40/Weathers/Weather123.csv
735,718,/Users/matiasvilches/Documents/F2A/papers/two_stage/forest/sub40/Weathers/Weather95.csv
736,890,/Users/matiasvilches/Documents/F2A/papers/two_stage/forest/sub40/Weathers/Weather119.csv
737,617,/Users/matiasvilches/Documents/F2A/papers/two_stage/forest/sub40/Weathers/Weather54.csv
738,300,/Users/matiasvilches/Documents/F2A/papers/two_stage/forest/sub40/Weathers/Weather49.csv
739,797,/Users/matiasvilches/Documents/F2A/papers/two_stage/forest/sub40/Weathers/Weather56.csv
740,483,/Users/matiasvilches/Documents/F2A/papers/two_stage/forest/sub40/Weathers/Weather38.csv
741,606,/Users/matiasvilches/Documents/F2A/papers/two_stage/forest/sub40/Weathers/Weather118.csv
742,812,/Users/matiasvilches/Documents/F2A/papers/two_stage/forest/sub40/Weathers/Weather129.csv
743,706,/Users/matiasvilches/Documents/F2A/papers/two_stage/forest/sub40/Weathers/Weather82.csv
744,627,/Users/matiasvilches/Documents/F2A/papers/two_stage/forest/sub40/Weathers/Weather84.csv
745,1167,/Users/matiasvilches/Documents/F2A/papers/two_stage/forest/sub40/Weathers/Weather112.csv
746,638,/Users/matiasvilches/Documents/F2A/papers/two_stage/forest/sub40/Weathers/Weather112.csv
747,1251,/Users/matiasvilches/Documents/F2A/papers/two_stage/forest/sub40/Weathers/Weather121.csv
748,716,/Users/matiasvilches/Documents/F2A/papers/two_stage/forest/sub40/Weathers/Weather60.csv
749,1333,/Users/matiasvilches/Documents/F2A/papers/two_stage/forest/sub40/Weathers/Weather40.csv
750,1329,/Users/matiasvilches/Documents/F2A/papers/two_stage/forest/sub40/Weathers/Weather96.csv
751,968,/Users/matiasvilches/Documents/F2A/papers/two_stage/forest/sub40/Weathers/Weather9.csv
752,220,/Users/matiasvilches/Documents/F2A/papers/two_stage/forest/sub40/Weathers/Weather108.csv
753,319,/Users/matiasvilches/Documents/F2A/papers/two_stage/forest/sub40/Weathers/Weather121.csv
754,1013,/Users/matiasvilches/Documents/F2A/papers/two_stage/forest/sub40/Weathers/Weather104.csv
755,1412,/Users/matiasvilches/Documents/F2A/papers/two_stage/forest/sub40/Weathers/Weather40.csv
756,876,/Users/matiasvilches/Documents/F2A/papers/two_stage/forest/sub40/Weathers/Weather13.csv
757,133,/Users/matiasvilches/Documents/F2A/papers/two_stage/forest/sub40/Weathers/Weather66.csv
758,331,/Users/matiasvilches/Documents/F2A/papers/two_stage/forest/sub40/Weathers/Weather12.csv
759,129,/Users/matiasvilches/Documents/F2A/papers/two_stage/forest/sub40/Weathers/Weather20.csv
760,1142,/Users/matiasvilches/Documents/F2A/papers/two_stage/forest/sub40/Weathers/Weather27.csv
761,616,/Users/matiasvilches/Documents/F2A/papers/two_stage/forest/sub40/Weathers/Weather62.csv
762,379,/Users/matiasvilches/Documents/F2A/papers/two_stage/forest/sub40/Weathers/Weather113.csv
763,1242,/Users/matiasvilches/Documents/F2A/papers/two_stage/forest/sub40/Weathers/Weather3.csv
764,381,/Users/matiasvilches/Documents/F2A/papers/two_stage/forest/sub40/Weathers/Weather99.csv
765,657,/Users/matiasvilches/Documents/F2A/papers/two_stage/forest/sub40/Weathers/Weather60.csv
766,638,/Users/matiasvilches/Documents/F2A/papers/two_stage/forest/sub40/Weathers/Weather77.csv
767,1336,/Users/matiasvilches/Documents/F2A/papers/two_stage/forest/sub40/Weathers/Weather58.csv
768,722,/Users/matiasvilches/Documents/F2A/papers/two_stage/forest/sub40/Weathers/Weather127.csv
769,769,/Users/matiasvilches/Documents/F2A/papers/two_stage/forest/sub40/Weathers/Weather47.csv
770,35,/Users/matiasvilches/Documents/F2A/papers/two_stage/forest/sub40/Weathers/Weather81.csv
771,672,/Users/matiasvilches/Documents/F2A/papers/two_stage/forest/sub40/Weathers/Weather4.csv
772,858,/Users/matiasvilches/Documents/F2A/papers/two_stage/forest/sub40/Weathers/Weather81.csv
773,707,/Users/matiasvilches/Documents/F2A/papers/two_stage/forest/sub40/Weathers/Weather93.csv
774,531,/Users/matiasvilches/Documents/F2A/papers/two_stage/forest/sub40/Weathers/Weather53.csv
775,1026,/Users/matiasvilches/Documents/F2A/papers/two_stage/forest/sub40/Weathers/Weather74.csv
776,717,/Users/matiasvilches/Documents/F2A/papers/two_stage/forest/sub40/Weathers/Weather47.csv
777,1451,/Users/matiasvilches/Documents/F2A/papers/two_stage/forest/sub40/Weathers/Weather53.csv
778,1001,/Users/matiasvilches/Documents/F2A/papers/two_stage/forest/sub40/Weathers/Weather122.csv
779,1280,/Users/matiasvilches/Documents/F2A/papers/two_stage/forest/sub40/Weathers/Weather124.csv
780,1376,/Users/matiasvilches/Documents/F2A/papers/two_stage/forest/sub40/Weathers/Weather123.csv
781,1126,/Users/matiasvilches/Documents/F2A/papers/two_stage/forest/sub40/Weathers/Weather75.csv
782,1586,/Users/matiasvilches/Documents/F2A/papers/two_stage/forest/sub40/Weathers/Weather31.csv
783,900,/Users/matiasvilches/Documents/F2A/papers/two_stage/forest/sub40/Weathers/Weather50.csv
784,1059,/Users/matiasvilches/Documents/F2A/papers/two_stage/forest/sub40/Weathers/Weather18.csv
785,1277,/Users/matiasvilches/Documents/F2A/papers/two_stage/forest/sub40/Weathers/Weather116.csv
786,694,/Users/matiasvilches/Documents/F2A/papers/two_stage/forest/sub40/Weathers/Weather45.csv
787,444,/Users/matiasvilches/Documents/F2A/papers/two_stage/forest/sub40/Weathers/Weather61.csv
788,1193,/Users/matiasvilches/Documents/F2A/papers/two_stage/forest/sub40/Weathers/Weather86.csv
789,1228,/Users/matiasvilches/Documents/F2A/papers/two_stage/forest/sub40/Weathers/Weather69.csv
790,932,/Users/matiasvilches/Documents/F2A/papers/two_stage/forest/sub40/Weathers/Weather97.csv
791,122,/Users/matiasvilches/Documents/F2A/papers/two_stage/forest/sub40/Weathers/Weather4.csv
792,563,/Users/matiasvilches/Documents/F2A/papers/two_stage/forest/sub40/Weathers/Weather56.csv
793,431,/Users/matiasvilches/Documents/F2A/papers/two_stage/forest/sub40/Weathers/Weather92.csv
794,1336,/Users/matiasvilches/Documents/F2A/papers/two_stage/forest/sub40/Weathers/Weather49.csv
795,779,/Users/matiasvilches/Documents/F2A/papers/two_stage/forest/sub40/Weathers/Weather42.csv
796,253,/Users/matiasvilches/Documents/F2A/papers/two_stage/forest/sub40/Weathers/Weather40.csv
797,1258,/Users/matiasvilches/Documents/F2A/papers/two_stage/forest/sub40/Weathers/Weather98.csv
798,228,/Users/matiasvilches/Documents/F2A/papers/two_stage/forest/sub40/Weathers/Weather114.csv
799,1428,/Users/matiasvilches/Documents/F2A/papers/two_stage/forest/sub40/Weathers/Weather7.csv
800,597,/Users/matiasvilches/Documents/F2A/papers/two_stage/forest/sub40/Weathers/Weather83.csv
801,1378,/Users/matiasvilches/Documents/F2A/papers/two_stage/forest/sub40/Weathers/Weather33.csv
802,1060,/Users/matiasvilches/Documents/F2A/papers/two_stage/forest/sub40/Weathers/Weather19.csv
803,1466,/Users/matiasvilches/Documents/F2A/papers/two_stage/forest/sub40/Weathers/Weather89.csv
804,794,/Users/matiasvilches/Documents/F2A/papers/two_stage/forest/sub40/Weathers/Weather125.csv
805,356,/Users/matiasvilches/Documents/F2A/papers/two_stage/forest/sub40/Weathers/Weather88.csv
806,1165,/Users/matiasvilches/Documents/F2A/papers/two_stage/forest/sub40/Weathers/Weather123.csv
807,532,/Users/matiasvilches/Documents/F2A/papers/two_stage/forest/sub40/Weathers/Weather107.csv
808,889,/Users/matiasvilches/Documents/F2A/papers/two_stage/forest/sub40/Weathers/Weather77.csv
809,1422,/Users/matiasvilches/Documents/F2A/papers/two_stage/forest/sub40/Weathers/Weather86.csv
810,1540,/Users/matiasvilches/Documents/F2A/papers/two_stage/forest/sub40/Weathers/Weather93.csv
811,1588,/Users/matiasvilches/Documents/F2A/papers/two_stage/forest/sub40/Weathers/Weather72.csv
812,1326,/Users/matiasvilches/Documents/F2A/papers/two_stage/forest/sub40/Weathers/Weather105.csv
813,1130,/Users/matiasvilches/Documents/F2A/papers/two_stage/forest/sub40/Weathers/Weather96.csv
814,83,/Users/matiasvilches/Documents/F2A/papers/two_stage/forest/sub40/Weathers/Weather42.csv
815,1575,/Users/matiasvilches/Documents/F2A/papers/two_stage/forest/sub40/Weathers/Weather26.csv
816,864,/Users/matiasvilches/Documents/F2A/papers/two_stage/forest/sub40/Weathers/Weather86.csv
817,1167,/Users/matiasvilches/Documents/F2A/papers/two_stage/forest/sub40/Weathers/Weather117.csv
818,1116,/Users/matiasvilches/Documents/F2A/papers/two_stage/forest/sub40/Weathers/Weather34.csv
819,46,/Users/matiasvilches/Documents/F2A/papers/two_stage/forest/sub40/Weathers/Weather4.csv
820,526,/Users/matiasvilches/Documents/F2A/papers/two_stage/forest/sub40/Weathers/Weather6.csv
821,246,/Users/matiasvilches/Documents/F2A/papers/two_stage/forest/sub40/Weathers/Weather99.csv
822,361,/Users/matiasvilches/Documents/F2A/papers/two_stage/forest/sub40/Weathers/Weather92.csv
823,712,/Users/matiasvilches/Documents/F2A/papers/two_stage/forest/sub40/Weathers/Weather39.csv
824,1581,/Users/matiasvilches/Documents/F2A/papers/two_stage/forest/sub40/Weathers/Weather73.csv
825,1087,/Users/matiasvilches/Documents/F2A/papers/two_stage/forest/sub40/Weathers/Weather75.csv
826,175,/Users/matiasvilches/Documents/F2A/papers/two_stage/forest/sub40/Weathers/Weather70.csv
827,797,/Users/matiasvilches/Documents/F2A/papers/two_stage/forest/sub40/Weathers/Weather59.csv
828,112,/Users/matiasvilches/Documents/F2A/papers/two_stage/forest/sub40/Weathers/Weather35.csv
829,1304,/Users/matiasvilches/Documents/F2A/papers/two_stage/forest/sub40/Weathers/Weather38.csv
830,1364,/Users/matiasvilches/Documents/F2A/papers/two_stage/forest/sub40/Weathers/Weather82.csv
831,177,/Users/matiasvilches/Documents/F2A/papers/two_stage/forest/sub40/Weathers/Weather112.csv
832,1112,/Users/matiasvilches/Documents/F2A/papers/two_stage/forest/sub40/Weathers/Weather57.csv
833,1096,/Users/matiasvilches/Documents/F2A/papers/two_stage/forest/sub40/Weathers/Weather10.csv
834,351,/Users/matiasvilches/Documents/F2A/papers/two_stage/forest/sub40/Weathers/Weather93.csv
835,1540,/Users/matiasvilches/Documents/F2A/papers/two_stage/forest/sub40/Weathers/Weather87.csv
836,92,/Users/matiasvilches/Documents/F2A/papers/two_stage/forest/sub40/Weathers/Weather80.csv
837,1088,/Users/matiasvilches/Documents/F2A/papers/two_stage/forest/sub40/Weathers/Weather85.csv
838,537,/Users/matiasvilches/Documents/F2A/papers/two_stage/forest/sub40/Weathers/Weather124.csv
839,927,/Users/matiasvilches/Documents/F2A/papers/two_stage/forest/sub40/Weathers/Weather119.csv
840,87,/Users/matiasvilches/Documents/F2A/papers/two_stage/forest/sub40/Weathers/Weather99.csv
841,369,/Users/matiasvilches/Documents/F2A/papers/two_stage/forest/sub40/Weathers/Weather4.csv
842,257,/Users/matiasvilches/Documents/F2A/papers/two_stage/forest/sub40/Weathers/Weather29.csv
843,530,/Users/matiasvilches/Documents/F2A/papers/two_stage/forest/sub40/Weathers/Weather63.csv
844,794,/Users/matiasvilches/Documents/F2A/papers/two_stage/forest/sub40/Weathers/Weather1.csv
845,1489,/Users/matiasvilches/Documents/F2A/papers/two_stage/forest/sub40/Weathers/Weather26.csv
846,1330,/Users/matiasvilches/Documents/F2A/papers/two_stage/forest/sub40/Weathers/Weather124.csv
847,242,/Users/matiasvilches/Documents/F2A/papers/two_stage/forest/sub40/Weathers/Weather87.csv
848,337,/Users/matiasvilches/Documents/F2A/papers/two_stage/forest/sub40/Weathers/Weather42.csv
849,1534,/Users/matiasvilches/Documents/F2A/papers/two_stage/forest/sub40/Weathers/Weather84.csv
850,1146,/Users/matiasvilches/Documents/F2A/papers/two_stage/forest/sub40/Weathers/Weather18.csv
851,131,/Users/matiasvilches/Documents/F2A/papers/two_stage/forest/sub40/Weathers/Weather78.csv
852,858,/Users/matiasvilches/Documents/F2A/papers/two_stage/forest/sub40/Weathers/Weather20.csv
853,154,/Users/matiasvilches/Documents/F2A/papers/two_stage/forest/sub40/Weathers/Weather54.csv
854,1144,/Users/matiasvilches/Documents/F2A/papers/two_stage/forest/sub40/Weathers/Weather47.csv
855,283,/Users/matiasvilches/Documents/F2A/papers/two_stage/forest/sub40/Weathers/Weather71.csv
856,864,/Users/matiasvilches/Documents/F2A/papers/two_stage/forest/sub40/Weathers/Weather71.csv
857,612,/Users/matiasvilches/Documents/F2A/papers/two_stage/forest/sub40/Weathers/Weather90.csv
858,32,/Users/matiasvilches/Documents/F2A/papers/two_stage/forest/sub40/Weathers/Weather52.csv
859,1158,/Users/matiasvilches/Documents/F2A/papers/two_stage/forest/sub40/Weathers/Weather126.csv
860,1168,/Users/matiasvilches/Documents/F2A/papers/two_stage/forest/sub40/Weathers/Weather104.csv
861,1298,/Users/matiasvilches/Documents/F2A/papers/two_stage/forest/sub40/Weathers/Weather83.csv
862,1005,/Users/matiasvilches/Documents/F2A/papers/two_stage/forest/sub40/Weathers/Weather17.csv
863,1428,/Users/matiasvilches/Documents/F2A/papers/two_stage/forest/sub40/Weathers/Weather93.csv
864,285,/Users/matiasvilches/Documents/F2A/papers/two_stage/forest/sub40/Weathers/Weather97.csv
865,1209,/Users/matiasvilches/Documents/F2A/papers/two_stage/forest/sub40/Weathers/Weather126.csv
866,202,/Users/matiasvilches/Documents/F2A/papers/two_stage/forest/sub40/Weathers/Weather99.csv
867,1055,/Users/matiasvilches/Documents/F2A/papers/two_stage/forest/sub40/Weathers/Weather58.csv
868,524,/Users/matiasvilches/Documents/F2A/papers/two_stage/forest/sub40/Weathers/Weather100.csv
869,979,/Users/matiasvilches/Documents/F2A/papers/two_stage/forest/sub40/Weathers/Weather26.csv
870,1163,/Users/matiasvilches/Documents/F2A/papers/two_stage/forest/sub40/Weathers/Weather82.csv
871,727,/Users/matiasvilches/Documents/F2A/papers/two_stage/forest/sub40/Weathers/Weather32.csv
872,1551,/Users/matiasvilches/Documents/F2A/papers/two_stage/forest/sub40/Weathers/Weather24.csv
873,1412,/Users/matiasvilches/Documents/F2A/papers/two_stage/forest/sub40/Weathers/Weather105.csv
874,942,/Users/matiasvilches/Documents/F2A/papers/two_stage/forest/sub40/Weathers/Weather124.csv
875,1182,/Users/matiasvilches/Documents/F2A/papers/two_stage/forest/sub40/Weathers/Weather37.csv
876,934,/Users/matiasvilches/Documents/F2A/papers/two_stage/forest/sub40/Weathers/Weather73.csv
877,626,/Users/matiasvilches/Documents/F2A/papers/two_stage/forest/sub40/Weathers/Weather94.csv
878,374,/Users/matiasvilches/Documents/F2A/papers/two_stage/forest/sub40/Weathers/Weather27.csv
879,946,/Users/matiasvilches/Documents/F2A/papers/two_stage/forest/sub40/Weathers/Weather60.csv
880,512,/Users/matiasvilches/Documents/F2A/papers/two_stage/forest/sub40/Weathers/Weather38.csv
881,1505,/Users/matiasvilches/Documents/F2A/papers/two_stage/forest/sub40/Weathers/Weather112.csv
882,243,/Users/matiasvilches/Documents/F2A/papers/two_stage/forest/sub40/Weathers/Weather12.csv
883,380,/Users/matiasvilches/Documents/F2A/papers/two_stage/forest/sub40/Weathers/Weather104.csv
884,240,/Users/matiasvilches/Documents/F2A/papers/two_stage/forest/sub40/Weathers/Weather74.csv
885,274,/Users/matiasvilches/Documents/F2A/papers/two_stage/forest/sub40/Weathers/Weather125.csv
886,491,/Users/matiasvilches/Documents/F2A/papers/two_stage/forest/sub40/Weathers/Weather8.csv
887,178,/Users/matiasvilches/Documents/F2A/papers/two_stage/forest/sub40/Weathers/Weather18.csv
888,237,/Users/matiasvilches/Documents/F2A/papers/two_stage/forest/sub40/Weathers/Weather6.csv
889,848,/Users/matiasvilches/Documents/F2A/papers/two_stage/forest/sub40/Weathers/Weather117.csv
890,78,/Users/matiasvilches/Documents/F2A/papers/two_stage/forest/sub40/Weathers/Weather89.csv
891,1398,/Users/matiasvilches/Documents/F2A/papers/two_stage/forest/sub40/Weathers/Weather97.csv
892,424,/Users/matiasvilches/Documents/F2A/papers/two_stage/forest/sub40/Weathers/Weather31.csv
893,536,/Users/matiasvilches/Documents/F2A/papers/two_stage/forest/sub40/Weathers/Weather7.csv
894,358,/Users/matiasvilches/Documents/F2A/papers/two_stage/forest/sub40/Weathers/Weather100.csv
895,1200,/Users/matiasvilches/Documents/F2A/papers/two_stage/forest/sub40/Weathers/Weather22.csv
896,661,/Users/matiasvilches/Documents/F2A/papers/two_stage/forest/sub40/Weathers/Weather65.csv
897,1461,/Users/matiasvilches/Documents/F2A/papers/two_stage/forest/sub40/Weathers/Weather100.csv
898,877,/Users/matiasvilches/Documents/F2A/papers/two_stage/forest/sub40/Weathers/Weather106.csv
899,1074,/Users/matiasvilches/Documents/F2A/papers/two_stage/forest/sub40/Weathers/Weather3.csv
900,981,/Users/matiasvilches/Documents/F2A/papers/two_stage/forest/sub40/Weathers/Weather55.csv
901,1475,/Users/matiasvilches/Documents/F2A/papers/two_stage/forest/sub40/Weathers/Weather118.csv
902,651,/Users/matiasvilches/Documents/F2A/papers/two_stage/forest/sub40/Weathers/Weather86.csv
903,82,/Users/matiasvilches/Documents/F2A/papers/two_stage/forest/sub40/Weathers/Weather40.csv
904,939,/Users/matiasvilches/Documents/F2A/papers/two_stage/forest/sub40/Weathers/Weather76.csv
905,1311,/Users/matiasvilches/Documents/F2A/papers/two_stage/forest/sub40/Weathers/Weather19.csv
906,301,/Users/matiasvilches/Documents/F2A/papers/two_stage/forest/sub40/Weathers/Weather34.csv
907,871,/Users/matiasvilches/Documents/F2A/papers/two_stage/forest/sub40/Weathers/Weather94.csv
908,1420,/Users/matiasvilches/Documents/F2A/papers/two_stage/forest/sub40/Weathers/Weather89.csv
909,1171,/Users/matiasvilches/Documents/F2A/papers/two_stage/forest/sub40/Weathers/Weather13.csv
910,977,/Users/matiasvilches/Documents/F2A/papers/two_stage/forest/sub40/Weathers/Weather23.csv
911,1016,/Users/matiasvilches/Documents/F2A/papers/two_stage/forest/sub40/Weathers/Weather115.csv
912,1028,/Users/matiasvilches/Documents/F2A/papers/two_stage/forest/sub40/Weathers/Weather97.csv
913,334,/Users/matiasvilches/Documents/F2A/papers/two_stage/forest/sub40/Weathers/Weather57.csv
914,806,/Users/matiasvilches/Documents/F2A/papers/two_stage/forest/sub40/Weathers/Weather28.csv
915,356,/Users/matiasvilches/Documents/F2A/papers/two_stage/forest/sub40/Weathers/Weather118.csv
916,1114,/Users/matiasvilches/Documents/F2A/papers/two_stage/forest/sub40/Weathers/Weather88.csv
917,1531,/Users/matiasvilches/Documents/F2A/papers/two_stage/forest/sub40/Weathers/Weather70.csv
918,1031,/Users/matiasvilches/Documents/F2A/papers/two_stage/forest/sub40/Weathers/Weather45.csv
919,1526,/Users/matiasvilches/Documents/F2A/papers/two_stage/forest/sub40/Weathers/Weather45.csv
920,789,/Users/matiasvilches/Documents/F2A/papers/two_stage/forest/sub40/Weathers/Weather111.csv
921,1476,/Users/matiasvilches/Documents/F2A/papers/two_stage/forest/sub40/Weathers/Weather93.csv
922,241,/Users/matiasvilches/Documents/F2A/papers/two_stage/forest/sub40/Weathers/Weather56.csv
923,35,/Users/matiasvilches/Documents/F2A/papers/two_stage/forest/sub40/Weathers/Weather123.csv
924,370,/Users/matiasvilches/Documents/F2A/papers/two_stage/forest/sub40/Weathers/Weather73.csv
925,1383,/Users/matiasvilches/Documents/F2A/papers/two_stage/forest/sub40/Weathers/Weather25.csv
926,934,/Users/matiasvilches/Documents/F2A/papers/two_stage/forest/sub40/Weathers/Weather31.csv
927,1230,/Users/matiasvilches/Documents/F2A/papers/two_stage/forest/sub40/Weathers/Weather16.csv
928,1055,/Users/matiasvilches/Documents/F2A/papers/two_stage/forest/sub40/Weathers/Weather9.csv
929,668,/Users/matiasvilches/Documents/F2A/papers/two_stage/forest/sub40/Weathers/Weather3.csv
930,328,/Users/matiasvilches/Documents/F2A/papers/two_stage/forest/sub40/Weathers/Weather10.csv
931,1217,/Users/matiasvilches/Documents/F2A/papers/two_stage/forest/sub40/Weathers/Weather71.csv
932,1427,/Users/matiasvilches/Documents/F2A/papers/two_stage/forest/sub40/Weathers/Weather35.csv
933,1111,/Users/matiasvilches/Documents/F2A/papers/two_stage/forest/sub40/Weathers/Weather102.csv
934,1117,/Users/matiasvilches/Documents/F2A/papers/two_stage/forest/sub40/Weathers/Weather78.csv
935,963,/Users/matiasvilches/Documents/F2A/papers/two_stage/forest/sub40/Weathers/Weather112.csv
936,885,/Users/matiasvilches/Documents/F2A/papers/two_stage/forest/sub40/Weathers/Weather86.csv
937,831,/Users/matiasvilches/Documents/F2A/papers/two_stage/forest/sub40/Weathers/Weather52.csv
938,248,/Users/matiasvilches/Documents/F2A/papers/two_stage/forest/sub40/Weathers/Weather127.csv
939,1060,/Users/matiasvilches/Documents/F2A/papers/two_stage/forest/sub40/Weathers/Weather2.csv
940,1025,/Users/matiasvilches/Documents/F2A/papers/two_stage/forest/sub40/Weathers/Weather25.csv
941,1147,/Users/matiasvilches/Documents/F2A/papers/two_stage/forest/sub40/Weathers/Weather1.csv
942,362,/Users/matiasvilches/Documents/F2A/papers/two_stage/forest/sub40/Weathers/Weather41.csv
943,568,/Users/matiasvilches/Documents/F2A/papers/two_stage/forest/sub40/Weathers/Weather2.csv
944,1287,/Users/matiasvilches/Documents/F2A/papers/two_stage/forest/sub40/Weathers/Weather65.csv
945,167,/Users/matiasvilches/Documents/F2A/papers/two_stage/forest/sub40/Weathers/Weather70.csv
946,679,/Users/matiasvilches/Documents/F2A/papers/two_stage/forest/sub40/Weathers/Weather28.csv
947,1034,/Users/matiasvilches/Documents/F2A/papers/two_stage/forest/sub40/Weathers/Weather63.csv
948,678,/Users/matiasvilches/Documents/F2A/papers/two_stage/forest/sub40/Weathers/Weather95.csv
949,787,/Users/matiasvilches/Documents/F2A/papers/two_stage/forest/sub40/Weathers/Weather105.csv
950,1140,/Users/matiasvilches/Documents/F2A/papers/two_stage/forest/sub40/Weathers/Weather8.csv
951,941,/Users/matiasvilches/Documents/F2A/papers/two_stage/forest/sub40/Weathers/Weather128.csv
952,1475,/Users/matiasvilches/Documents/F2A/papers/two_stage/forest/sub40/Weathers/Weather21.csv
953,169,/Users/matiasvilches/Documents/F2A/papers/two_stage/forest/sub40/Weathers/Weather64.csv
954,1433,/Users/matiasvilches/Documents/F2A/papers/two_stage/forest/sub40/Weathers/Weather110.csv
955,239,/Users/matiasvilches/Documents/F2A/papers/two_stage/forest/sub40/Weathers/Weather98.csv
956,243,/Users/matiasvilches/Documents/F2A/papers/two_stage/forest/sub40/Weathers/Weather4.csv
957,1028,/Users/matiasvilches/Documents/F2A/papers/two_stage/forest/sub40/Weathers/Weather92.csv
958,612,/Users/matiasvilches/Documents/F2A/papers/two_stage/forest/sub40/Weathers/Weather14.csv
959,1477,/Users/matiasvilches/Documents/F2A/papers/two_stage/forest/sub40/Weathers/Weather52.csv
960,599,/Users/matiasvilches/Documents/F2A/papers/two_stage/forest/sub40/Weathers/Weather48.csv
961,1432,/Users/matiasvilches/Documents/F2A/papers/two_stage/forest/sub40/Weathers/Weather95.csv
962,17,/Users/matiasvilches/Documents/F2A/papers/two_stage/forest/sub40/Weathers/Weather59.csv
963,777,/Users/matiasvilches/Documents/F2A/papers/two_stage/forest/sub40/Weathers/Weather92.csv
964,211,/Users/matiasvilches/Documents/F2A/papers/two_stage/forest/sub40/Weathers/Weather117.csv
965,1494,/Users/matiasvilches/Documents/F2A/papers/two_stage/forest/sub40/Weathers/Weather37.csv
966,851,/Users/matiasvilches/Documents/F2A/papers/two_stage/forest/sub40/Weathers/Weather118.csv
967,1566,/Users/matiasvilches/Documents/F2A/papers/two_stage/forest/sub40/Weathers/Weather65.csv
968,1089,/Users/matiasvilches/Documents/F2A/papers/two_stage/forest/sub40/Weathers/Weather111.csv
969,295,/Users/matiasvilches/Documents/F2A/papers/two_stage/forest/sub40/Weathers/Weather87.csv
970,1187,/Users/matiasvilches/Documents/F2A/papers/two_stage/forest/sub40/Weathers/Weather105.csv
971,571,/Users/matiasvilches/Documents/F2A/papers/two_stage/forest/sub40/Weathers/Weather78.csv
972,1059,/Users/matiasvilches/Documents/F2A/papers/two_stage/forest/sub40/Weathers/Weather29.csv
973,974,/Users/matiasvilches/Documents/F2A/papers/two_stage/forest/sub40/Weathers/Weather117.csv
974,858,/Users/matiasvilches/Documents/F2A/papers/two_stage/forest/sub40/Weathers/Weather16.csv
975,825,/Users/matiasvilches/Documents/F2A/papers/two_stage/forest/sub40/Weathers/Weather89.csv
976,1323,/Users/matiasvilches/Documents/F2A/papers/two_stage/forest/sub40/Weathers/Weather11.csv
977,970,/Users/matiasvilches/Documents/F2A/papers/two_stage/forest/sub40/Weathers/Weather77.csv
978,295,/Users/matiasvilches/Documents/F2A/papers/two_stage/forest/sub40/Weathers/Weather25.csv
979,107,/Users/matiasvilches/Documents/F2A/papers/two_stage/forest/sub40/Weathers/Weather95.csv
980,623,/Users/matiasvilches/Documents/F2A/papers/two_stage/forest/sub40/Weathers/Weather104.csv
981,1360,/Users/matiasvilches/Documents/F2A/papers/two_stage/forest/sub40/Weathers/Weather54.csv
982,272,/Users/matiasvilches/Documents/F2A/papers/two_stage/forest/sub40/Weathers/Weather120.csv
983,383,/Users/matiasvilches/Documents/F2A/papers/two_stage/forest/sub40/Weathers/Weather117.csv
984,1461,/Users/matiasvilches/Documents/F2A/papers/two_stage/forest/sub40/Weathers/Weather59.csv
985,543,/Users/matiasvilches/Documents/F2A/papers/two_stage/forest/sub40/Weathers/Weather115.csv
986,415,/Users/matiasvilches/Documents/F2A/papers/two_stage/forest/sub40/Weathers/Weather27.csv
987,1398,/Users/matiasvilches/Documents/F2A/papers/two_stage/forest/sub40/Weathers/Weather108.csv
988,339,/Users/matiasvilches/Documents/F2A/papers/two_stage/forest/sub40/Weathers/Weather79.csv
989,1258,/Users/matiasvilches/Documents/F2A/papers/two_stage/forest/sub40/Weathers/Weather73.csv
990,1196,/Users/matiasvilches/Documents/F2A/papers/two_stage/forest/sub40/Weathers/Weather67.csv
991,1544,/Users/matiasvilches/Documents/F2A/papers/two_stage/forest/sub40/Weathers/Weather76.csv
992,1360,/Users/matiasvilches/Documents/F2A/papers/two_stage/forest/sub40/Weathers/Weather127.csv
993,482,/Users/matiasvilches/Documents/F2A/papers/two_stage/forest/sub40/Weathers/Weather126.csv
994,1205,/Users/matiasvilches/Documents/F2A/papers/two_stage/forest/sub40/Weathers/Weather108.csv
995,1193,/Users/matiasvilches/Documents/F2A/papers/two_stage/forest/sub40/Weathers/Weather87.csv
996,216,/Users/matiasvilches/Documents/F2A/papers/two_stage/forest/sub40/Weathers/Weather57.csv
997,398,/Users/matiasvilches/Documents/F2A/papers/two_stage/forest/sub40/Weathers/Weather23.csv
998,1276,/Users/matiasvilches/Documents/F2A/papers/two_stage/forest/sub40/Weathers/Weather88.csv
999,1429,/Users/matiasvilches/Documents/F2A/papers/two_stage/forest/sub40/Weathers/Weather85.csv
1000,677,/Users/matiasvilches/Documents/F2A/papers/two_stage/forest/sub40/Weathers/Weather26.csv
